2025-02-09 05:15:35,270 DEBUG cd frappe-bench && python3 -m venv env
2025-02-09 05:15:37,461 DEBUG cd frappe-bench && /home/macro/Frappe/frappe-bench/env/bin/python -m pip install --quiet --upgrade pip
2025-02-09 05:15:42,182 DEBUG cd frappe-bench && /home/macro/Frappe/frappe-bench/env/bin/python -m pip install --quiet wheel
2025-02-09 05:15:51,218 LOG Getting frappe
2025-02-09 05:15:51,218 DEBUG cd frappe-bench/apps && git clone https://github.com/frappe/frappe.git --branch version-15 --depth 1 --origin upstream
2025-02-09 05:16:22,579 LOG Installing frappe
2025-02-09 05:16:22,579 DEBUG cd /home/macro/Frappe/frappe-bench && /home/macro/Frappe/frappe-bench/env/bin/python -m pip install --quiet --upgrade -e /home/macro/Frappe/frappe-bench/apps/frappe 
2025-02-09 05:17:36,689 DEBUG cd /home/macro/Frappe/frappe-bench/apps/frappe && yarn install --check-files
2025-02-09 05:17:45,001 WARNING restart failed: Couldn't find supervisorctl in PATH
2025-02-09 05:17:45,002 DEBUG cd frappe-bench && bench build
2025-02-09 05:17:45,080 INFO /usr/local/bin/bench build
2025-02-09 05:18:19,924 LOG setting up backups
2025-02-09 05:18:19,935 LOG backups were set up
2025-02-09 05:18:19,935 INFO Bench frappe-bench initialized
2025-02-09 05:19:11,182 INFO /usr/local/bin/bench new-site HRP.localhost
2025-02-09 05:19:37,335 INFO /usr/local/bin/bench new-site HRP.localhost
2025-02-09 05:20:02,052 INFO /usr/local/bin/bench get-app payments
2025-02-09 05:20:03,209 LOG Getting payments
2025-02-09 05:20:03,210 DEBUG cd ./apps && git clone https://github.com/frappe/payments.git  --depth 1 --origin upstream
2025-02-09 05:20:05,408 LOG Installing payments
2025-02-09 05:20:05,409 DEBUG cd /home/macro/Frappe/frappe-bench && /home/macro/Frappe/frappe-bench/env/bin/python -m pip install --quiet --upgrade -e /home/macro/Frappe/frappe-bench/apps/payments 
2025-02-09 05:20:10,810 DEBUG bench build --app payments
2025-02-09 05:20:10,893 INFO /usr/local/bin/bench build --app payments
2025-02-09 05:20:12,164 WARNING restart failed: Couldn't find supervisorctl in PATH
2025-02-09 05:20:47,809 INFO /usr/local/bin/bench get-app --branch version-15 erpnext
2025-02-09 05:20:48,642 LOG Getting erpnext
2025-02-09 05:20:48,643 DEBUG cd ./apps && git clone https://github.com/frappe/erpnext.git --branch version-15 --depth 1 --origin upstream
2025-02-09 05:21:13,473 LOG Installing erpnext
2025-02-09 05:21:13,473 DEBUG cd /home/macro/Frappe/frappe-bench && /home/macro/Frappe/frappe-bench/env/bin/python -m pip install --quiet --upgrade -e /home/macro/Frappe/frappe-bench/apps/erpnext 
2025-02-09 05:21:24,533 DEBUG cd /home/macro/Frappe/frappe-bench/apps/erpnext && yarn install --check-files
2025-02-09 05:21:24,977 DEBUG bench build --app erpnext
2025-02-09 05:21:25,086 INFO /usr/local/bin/bench build --app erpnext
2025-02-09 05:21:27,458 WARNING restart failed: Couldn't find supervisorctl in PATH
2025-02-09 05:21:42,456 INFO /usr/local/bin/bench get-app hrms
2025-02-09 05:21:43,234 LOG Getting hrms
2025-02-09 05:21:43,234 DEBUG cd ./apps && git clone https://github.com/frappe/hrms.git  --depth 1 --origin upstream
2025-02-09 05:22:01,880 LOG Installing hrms
2025-02-09 05:22:01,881 DEBUG cd /home/macro/Frappe/frappe-bench && /home/macro/Frappe/frappe-bench/env/bin/python -m pip install --quiet --upgrade -e /home/macro/Frappe/frappe-bench/apps/hrms 
2025-02-09 05:22:04,170 DEBUG cd /home/macro/Frappe/frappe-bench/apps/hrms && yarn install --check-files
2025-02-09 05:23:10,290 DEBUG bench build --app hrms
2025-02-09 05:23:10,397 INFO /usr/local/bin/bench build --app hrms
2025-02-09 05:25:54,579 WARNING restart failed: Couldn't find supervisorctl in PATH
2025-02-09 05:26:52,067 INFO /usr/local/bin/bench new-site HRPU.localhost
2025-02-09 05:27:55,664 INFO /usr/local/bin/bench --site HRPU.localhost install-app erpnext
2025-02-09 05:29:27,986 INFO /usr/local/bin/bench --site HRPU.localhost install-app hrms
2025-02-09 05:30:18,673 INFO /usr/local/bin/bench --site HRPU.localhost install-app hrms
2025-02-09 05:30:24,349 INFO /usr/local/bin/bench start
2025-02-09 05:30:24,545 INFO /usr/local/bin/bench serve --port 8000
2025-02-09 05:30:24,552 INFO /usr/local/bin/bench schedule
2025-02-09 05:30:24,557 INFO /usr/local/bin/bench watch
2025-02-09 05:30:24,562 INFO /usr/local/bin/bench worker
2025-02-09 05:32:02,188 INFO /usr/local/bin/bench start
2025-02-09 05:32:02,465 INFO /usr/local/bin/bench serve --port 8000
2025-02-09 05:32:02,478 INFO /usr/local/bin/bench schedule
2025-02-09 05:32:02,490 INFO /usr/local/bin/bench worker
2025-02-09 05:32:02,495 INFO /usr/local/bin/bench watch
2025-02-09 05:33:12,014 INFO /usr/local/bin/bench build
2025-02-09 05:35:57,639 INFO /usr/local/bin/bench setup nginx
2025-02-09 05:36:04,879 INFO /usr/local/bin/bench start
2025-02-09 05:36:05,965 INFO /usr/local/bin/bench serve --port 8000
2025-02-09 05:36:05,965 INFO /usr/local/bin/bench schedule
2025-02-09 05:36:05,971 INFO /usr/local/bin/bench watch
2025-02-09 05:36:05,988 INFO /usr/local/bin/bench worker
2025-02-09 05:38:32,990 INFO /usr/local/bin/bench setup nginx
2025-02-09 05:39:26,137 INFO /usr/local/bin/bench start
2025-02-09 05:39:26,351 INFO /usr/local/bin/bench watch
2025-02-09 05:39:26,353 INFO /usr/local/bin/bench serve --port 8000
2025-02-09 05:39:26,358 INFO /usr/local/bin/bench schedule
2025-02-09 05:39:26,368 INFO /usr/local/bin/bench worker
2025-02-09 05:43:07,635 INFO /usr/local/bin/bench restart
2025-02-09 05:43:07,759 WARNING restart failed: Couldn't find supervisorctl in PATH
2025-02-09 05:43:12,642 INFO /usr/local/bin/bench start
2025-02-09 05:43:12,850 INFO /usr/local/bin/bench schedule
2025-02-09 05:43:12,852 INFO /usr/local/bin/bench serve --port 8000
2025-02-09 05:43:12,854 INFO /usr/local/bin/bench watch
2025-02-09 05:43:12,855 INFO /usr/local/bin/bench worker
2025-02-09 05:44:32,662 INFO /usr/local/bin/bench migrate
2025-02-09 05:44:48,978 INFO /usr/local/bin/bench HRPU.localhost migrate
2025-02-09 05:44:59,986 INFO /usr/local/bin/bench --site HRPU.localhost migrate
2025-02-09 05:45:46,235 INFO /usr/local/bin/bench --site HRPU.localhost set-maintance-mode off
2025-02-09 05:46:01,113 INFO /usr/local/bin/bench --site HRPU.localhost set-maintenance-mode off
2025-02-09 05:46:09,113 INFO /usr/local/bin/bench --site HRPU.localhost migrate
2025-02-09 05:46:20,312 INFO /usr/local/bin/bench start
2025-02-09 05:46:20,488 INFO /usr/local/bin/bench schedule
2025-02-09 05:46:20,495 INFO /usr/local/bin/bench worker
2025-02-09 05:46:20,503 INFO /usr/local/bin/bench serve --port 8000
2025-02-09 05:46:20,507 INFO /usr/local/bin/bench watch
2025-02-09 05:49:31,438 INFO /usr/local/bin/bench start
2025-02-09 05:49:31,662 INFO /usr/local/bin/bench schedule
2025-02-09 05:49:31,667 INFO /usr/local/bin/bench watch
2025-02-09 05:49:31,676 INFO /usr/local/bin/bench serve --port 8000
2025-02-09 05:49:31,676 INFO /usr/local/bin/bench worker
2025-02-09 05:49:46,316 INFO /usr/local/bin/bench start
2025-02-09 05:49:46,496 INFO /usr/local/bin/bench schedule
2025-02-09 05:49:46,503 INFO /usr/local/bin/bench serve --port 8000
2025-02-09 05:49:46,507 INFO /usr/local/bin/bench watch
2025-02-09 05:49:46,509 INFO /usr/local/bin/bench worker
2025-02-09 05:53:03,867 INFO /usr/local/bin/bench use HRPU.localhost
2025-02-09 05:53:18,499 INFO /usr/local/bin/bench migrate
2025-02-09 05:53:21,817 INFO /usr/local/bin/bench start
2025-02-09 05:53:22,004 INFO /usr/local/bin/bench schedule
2025-02-09 05:53:22,008 INFO /usr/local/bin/bench serve --port 8000
2025-02-09 05:53:22,011 INFO /usr/local/bin/bench worker
2025-02-09 05:53:22,012 INFO /usr/local/bin/bench watch
2025-02-09 05:56:51,991 INFO /usr/local/bin/bench clear-cache
2025-02-09 05:57:04,815 INFO /usr/local/bin/bench build
2025-02-09 05:59:02,218 INFO /usr/local/bin/bench build
2025-02-09 06:00:18,081 INFO /usr/local/bin/bench build
2025-02-09 06:01:30,601 INFO /usr/local/bin/bench start
2025-02-09 06:01:30,786 INFO /usr/local/bin/bench schedule
2025-02-09 06:01:30,790 INFO /usr/local/bin/bench watch
2025-02-09 06:01:30,792 INFO /usr/local/bin/bench serve --port 8000
2025-02-09 06:01:30,798 INFO /usr/local/bin/bench worker
2025-02-09 07:06:52,327 INFO /usr/local/bin/bench --site HRPU.localhost clear-cache
2025-02-09 07:06:55,812 INFO /usr/local/bin/bench start
2025-02-09 07:06:56,034 INFO /usr/local/bin/bench worker
2025-02-09 07:06:56,046 INFO /usr/local/bin/bench serve --port 8000
2025-02-09 07:06:56,046 INFO /usr/local/bin/bench schedule
2025-02-09 07:06:56,050 INFO /usr/local/bin/bench watch
2025-02-09 07:08:28,412 INFO /usr/local/bin/bench start
2025-02-09 07:08:28,638 INFO /usr/local/bin/bench watch
2025-02-09 07:08:28,642 INFO /usr/local/bin/bench serve --port 8000
2025-02-09 07:08:28,646 INFO /usr/local/bin/bench schedule
2025-02-09 07:08:28,648 INFO /usr/local/bin/bench worker
2025-02-09 07:10:09,422 INFO /usr/local/bin/bench --site HRP.localhost clear-cache
2025-02-09 07:10:19,766 INFO /usr/local/bin/bench --site HRP.localhost clear-cache
2025-02-09 07:10:34,407 INFO /usr/local/bin/bench start
2025-02-09 07:10:34,606 INFO /usr/local/bin/bench schedule
2025-02-09 07:10:34,629 INFO /usr/local/bin/bench watch
2025-02-09 07:10:34,633 INFO /usr/local/bin/bench serve --port 8000
2025-02-09 07:10:34,634 INFO /usr/local/bin/bench worker
2025-02-10 02:29:52,250 INFO /usr/local/bin/bench start
2025-02-10 02:29:52,528 INFO /usr/local/bin/bench worker
2025-02-10 02:29:52,529 INFO /usr/local/bin/bench serve --port 8000
2025-02-10 02:29:52,536 INFO /usr/local/bin/bench schedule
2025-02-10 02:29:52,537 INFO /usr/local/bin/bench watch
2025-02-10 07:36:24,634 INFO /usr/local/bin/bench start
2025-02-10 07:36:24,798 INFO /usr/local/bin/bench worker
2025-02-10 07:36:24,800 INFO /usr/local/bin/bench serve --port 8000
2025-02-10 07:36:24,811 INFO /usr/local/bin/bench watch
2025-02-10 07:36:24,812 INFO /usr/local/bin/bench schedule
2025-02-10 23:32:57,054 INFO /usr/local/bin/bench start
2025-02-10 23:32:57,261 INFO /usr/local/bin/bench worker
2025-02-10 23:32:57,272 INFO /usr/local/bin/bench watch
2025-02-10 23:32:57,276 INFO /usr/local/bin/bench schedule
2025-02-10 23:32:57,282 INFO /usr/local/bin/bench serve --port 8000
2025-02-11 00:50:48,251 INFO /usr/local/bin/bench start
2025-02-11 00:50:48,472 INFO /usr/local/bin/bench schedule
2025-02-11 00:50:48,475 INFO /usr/local/bin/bench serve --port 8000
2025-02-11 00:50:48,480 INFO /usr/local/bin/bench worker
2025-02-11 00:50:48,486 INFO /usr/local/bin/bench watch
2025-02-11 04:18:08,401 INFO /usr/local/bin/bench start
2025-02-11 04:18:08,623 INFO /usr/local/bin/bench watch
2025-02-11 04:18:08,631 INFO /usr/local/bin/bench schedule
2025-02-11 04:18:08,635 INFO /usr/local/bin/bench serve --port 8000
2025-02-11 04:18:08,640 INFO /usr/local/bin/bench worker
2025-02-11 06:09:45,770 INFO /usr/local/bin/bench start
2025-02-11 06:09:45,939 INFO /usr/local/bin/bench serve --port 8000
2025-02-11 06:09:45,953 INFO /usr/local/bin/bench worker
2025-02-11 06:09:45,955 INFO /usr/local/bin/bench watch
2025-02-11 06:09:45,965 INFO /usr/local/bin/bench schedule
2025-02-11 06:51:06,710 INFO /usr/local/bin/bench start
2025-02-11 06:51:06,898 INFO /usr/local/bin/bench watch
2025-02-11 06:51:06,903 INFO /usr/local/bin/bench schedule
2025-02-11 06:51:06,916 INFO /usr/local/bin/bench serve --port 8000
2025-02-11 06:51:06,921 INFO /usr/local/bin/bench worker
2025-02-11 07:04:59,921 INFO /usr/local/bin/bench start
2025-02-11 07:05:00,091 INFO /usr/local/bin/bench watch
2025-02-11 07:05:00,094 INFO /usr/local/bin/bench serve --port 8000
2025-02-11 07:05:00,098 INFO /usr/local/bin/bench worker
2025-02-11 07:05:00,101 INFO /usr/local/bin/bench schedule
2025-02-11 07:09:03,817 INFO /usr/local/bin/bench start
2025-02-11 07:09:04,018 INFO /usr/local/bin/bench serve --port 8000
2025-02-11 07:09:04,019 INFO /usr/local/bin/bench worker
2025-02-11 07:09:04,027 INFO /usr/local/bin/bench watch
2025-02-11 07:09:04,034 INFO /usr/local/bin/bench schedule
2025-02-11 07:16:00,495 INFO /usr/local/bin/bench start
2025-02-11 07:16:00,658 INFO /usr/local/bin/bench schedule
2025-02-11 07:16:00,664 INFO /usr/local/bin/bench serve --port 8000
2025-02-11 07:16:00,665 INFO /usr/local/bin/bench watch
2025-02-11 07:16:00,683 INFO /usr/local/bin/bench worker
2025-02-11 07:17:41,807 INFO /usr/local/bin/bench start
2025-02-11 07:17:41,973 INFO /usr/local/bin/bench watch
2025-02-11 07:17:41,976 INFO /usr/local/bin/bench worker
2025-02-11 07:17:41,983 INFO /usr/local/bin/bench serve --port 8000
2025-02-11 07:17:41,998 INFO /usr/local/bin/bench schedule
2025-02-11 21:51:15,199 INFO /usr/local/bin/bench start
2025-02-11 21:51:15,470 INFO /usr/local/bin/bench serve --port 8000
2025-02-11 21:51:15,488 INFO /usr/local/bin/bench watch
2025-02-11 21:51:15,492 INFO /usr/local/bin/bench worker
2025-02-11 21:51:15,500 INFO /usr/local/bin/bench schedule
2025-02-11 21:59:01,554 INFO /usr/local/bin/bench console
2025-02-11 22:08:39,649 INFO /usr/local/bin/bench console
2025-02-11 22:13:57,668 INFO /usr/local/bin/bench console
2025-02-11 22:25:56,184 INFO /usr/local/bin/bench console
2025-02-11 22:36:01,102 INFO /usr/local/bin/bench start
2025-02-11 22:36:01,264 INFO /usr/local/bin/bench watch
2025-02-11 22:36:01,276 INFO /usr/local/bin/bench worker
2025-02-11 22:36:01,276 INFO /usr/local/bin/bench serve --port 8000
2025-02-11 22:36:01,282 INFO /usr/local/bin/bench schedule
2025-02-11 23:25:28,330 INFO /usr/local/bin/bench start
2025-02-11 23:25:28,487 INFO /usr/local/bin/bench watch
2025-02-11 23:25:28,487 INFO /usr/local/bin/bench schedule
2025-02-11 23:25:28,489 INFO /usr/local/bin/bench serve --port 8000
2025-02-11 23:25:28,491 INFO /usr/local/bin/bench worker
2025-02-11 23:42:40,123 INFO /usr/local/bin/bench console
2025-02-11 23:48:52,588 INFO /usr/local/bin/bench start
2025-02-11 23:48:52,797 INFO /usr/local/bin/bench worker
2025-02-11 23:48:52,800 INFO /usr/local/bin/bench watch
2025-02-11 23:48:52,800 INFO /usr/local/bin/bench serve --port 8000
2025-02-11 23:48:52,803 INFO /usr/local/bin/bench schedule
2025-02-11 23:53:47,236 INFO /usr/local/bin/bench start
2025-02-11 23:53:47,425 INFO /usr/local/bin/bench worker
2025-02-11 23:53:47,430 INFO /usr/local/bin/bench serve --port 8000
2025-02-11 23:53:47,432 INFO /usr/local/bin/bench watch
2025-02-11 23:53:47,440 INFO /usr/local/bin/bench schedule
2025-02-12 00:00:34,142 INFO /usr/local/bin/bench console
2025-02-12 00:07:36,645 INFO /usr/local/bin/bench start
2025-02-12 00:07:36,826 INFO /usr/local/bin/bench watch
2025-02-12 00:07:36,830 INFO /usr/local/bin/bench worker
2025-02-12 00:07:36,832 INFO /usr/local/bin/bench serve --port 8000
2025-02-12 00:07:36,838 INFO /usr/local/bin/bench schedule
2025-02-12 02:29:18,447 INFO /usr/local/bin/bench start
2025-02-12 02:29:18,706 INFO /usr/local/bin/bench serve --port 8000
2025-02-12 02:29:18,707 INFO /usr/local/bin/bench watch
2025-02-12 02:29:18,722 INFO /usr/local/bin/bench worker
2025-02-12 02:29:18,729 INFO /usr/local/bin/bench schedule
2025-02-12 03:13:29,146 INFO /usr/local/bin/bench console
2025-02-12 03:13:31,352 INFO /usr/local/bin/bench start
2025-02-12 03:13:38,812 INFO /usr/local/bin/bench start
2025-02-12 03:13:39,097 INFO /usr/local/bin/bench worker
2025-02-12 03:13:39,102 INFO /usr/local/bin/bench schedule
2025-02-12 03:13:39,103 INFO /usr/local/bin/bench watch
2025-02-12 03:13:39,107 INFO /usr/local/bin/bench serve --port 8000
2025-02-12 03:25:55,647 INFO /usr/local/bin/bench start
2025-02-12 03:25:55,846 INFO /usr/local/bin/bench worker
2025-02-12 03:25:55,846 INFO /usr/local/bin/bench serve --port 8000
2025-02-12 03:25:55,847 INFO /usr/local/bin/bench watch
2025-02-12 03:25:55,857 INFO /usr/local/bin/bench schedule
2025-02-12 06:30:25,741 INFO /usr/local/bin/bench start
2025-02-12 06:30:25,913 INFO /usr/local/bin/bench serve --port 8000
2025-02-12 06:30:25,916 INFO /usr/local/bin/bench worker
2025-02-12 06:30:25,921 INFO /usr/local/bin/bench watch
2025-02-12 06:30:25,924 INFO /usr/local/bin/bench schedule
2025-02-12 06:53:00,462 INFO /usr/local/bin/bench start
2025-02-12 06:53:00,627 INFO /usr/local/bin/bench worker
2025-02-12 06:53:00,630 INFO /usr/local/bin/bench schedule
2025-02-12 06:53:00,637 INFO /usr/local/bin/bench watch
2025-02-12 06:53:00,644 INFO /usr/local/bin/bench serve --port 8000
2025-02-13 22:17:51,034 INFO /usr/local/bin/bench start
2025-02-13 22:17:51,233 INFO /usr/local/bin/bench serve --port 8000
2025-02-13 22:17:51,234 INFO /usr/local/bin/bench worker
2025-02-13 22:17:51,235 INFO /usr/local/bin/bench watch
2025-02-13 22:17:51,246 INFO /usr/local/bin/bench schedule
2025-02-13 22:43:15,161 INFO /usr/local/bin/bench start
2025-02-13 22:43:15,350 INFO /usr/local/bin/bench watch
2025-02-13 22:43:15,350 INFO /usr/local/bin/bench worker
2025-02-13 22:43:15,355 INFO /usr/local/bin/bench schedule
2025-02-13 22:43:15,359 INFO /usr/local/bin/bench serve --port 8000
2025-02-13 23:47:14,295 INFO /usr/local/bin/bench start
2025-02-13 23:47:14,569 INFO /usr/local/bin/bench schedule
2025-02-13 23:47:14,569 INFO /usr/local/bin/bench serve --port 8000
2025-02-13 23:47:14,579 INFO /usr/local/bin/bench worker
2025-02-13 23:47:14,588 INFO /usr/local/bin/bench watch
2025-02-13 23:47:52,035 INFO /usr/local/bin/bench start
2025-02-13 23:49:10,746 INFO /usr/local/bin/bench start
2025-02-13 23:49:13,545 INFO /usr/local/bin/bench start
2025-02-13 23:49:17,559 INFO /usr/local/bin/bench start
2025-02-13 23:50:15,900 INFO /usr/local/bin/bench start
2025-02-13 23:50:18,659 INFO /usr/local/bin/bench start
2025-02-13 23:51:45,577 INFO /usr/local/bin/bench start
2025-02-13 23:51:50,632 INFO /usr/local/bin/bench start
2025-02-13 23:52:00,606 INFO /usr/local/bin/bench start
2025-02-13 23:53:30,905 INFO /usr/local/bin/bench start
2025-02-13 23:53:40,473 INFO /usr/local/bin/bench start
2025-02-13 23:53:44,192 INFO /usr/local/bin/bench start
2025-02-13 23:53:45,394 INFO /usr/local/bin/bench start
2025-02-13 23:55:25,113 INFO /usr/local/bin/bench start
2025-02-13 23:59:56,538 INFO /usr/local/bin/bench start
2025-02-14 00:00:04,266 INFO /usr/local/bin/bench start
2025-02-14 00:07:04,414 INFO /usr/local/bin/bench start
2025-02-14 00:07:26,485 INFO /usr/local/bin/bench start
2025-02-14 22:28:52,362 INFO /usr/local/bin/bench start
2025-02-14 22:38:36,804 INFO /usr/local/bin/bench start
2025-02-15 03:38:35,423 INFO /usr/local/bin/bench start
2025-02-15 03:38:35,700 INFO /usr/local/bin/bench serve --port 8000
2025-02-15 03:38:35,709 INFO /usr/local/bin/bench watch
2025-02-15 03:38:35,730 INFO /usr/local/bin/bench worker
2025-02-15 03:38:35,739 INFO /usr/local/bin/bench schedule
2025-02-15 03:47:04,562 INFO /usr/local/bin/bench start
2025-02-15 03:47:04,744 INFO /usr/local/bin/bench worker
2025-02-15 03:47:04,749 INFO /usr/local/bin/bench watch
2025-02-15 03:47:04,750 INFO /usr/local/bin/bench serve --port 8000
2025-02-15 03:47:04,752 INFO /usr/local/bin/bench schedule
2025-02-15 03:51:33,412 INFO /usr/local/bin/bench start
2025-02-15 03:51:33,607 INFO /usr/local/bin/bench serve --port 8000
2025-02-15 03:51:33,616 INFO /usr/local/bin/bench watch
2025-02-15 03:51:33,622 INFO /usr/local/bin/bench worker
2025-02-15 03:51:33,627 INFO /usr/local/bin/bench schedule
2025-02-15 04:05:45,426 INFO /usr/local/bin/bench start
2025-02-15 04:05:45,658 INFO /usr/local/bin/bench serve --port 8000
2025-02-15 04:05:45,661 INFO /usr/local/bin/bench schedule
2025-02-15 04:05:45,663 INFO /usr/local/bin/bench worker
2025-02-15 04:05:45,677 INFO /usr/local/bin/bench watch
2025-02-15 07:20:15,457 INFO /usr/local/bin/bench build
2025-02-15 07:20:55,592 INFO /usr/local/bin/bench start
2025-02-15 07:20:56,274 INFO /usr/local/bin/bench worker
2025-02-15 07:20:56,328 INFO /usr/local/bin/bench watch
2025-02-15 07:20:56,346 INFO /usr/local/bin/bench serve --port 8000
2025-02-15 07:20:56,374 INFO /usr/local/bin/bench schedule
2025-02-16 00:17:04,383 INFO /usr/local/bin/bench start
2025-02-16 00:17:04,679 INFO /usr/local/bin/bench worker
2025-02-16 00:17:04,685 INFO /usr/local/bin/bench watch
2025-02-16 00:17:04,692 INFO /usr/local/bin/bench schedule
2025-02-16 00:17:04,694 INFO /usr/local/bin/bench serve --port 8000
2025-02-16 00:37:53,384 INFO /usr/local/bin/bench start
2025-02-16 00:37:53,600 INFO /usr/local/bin/bench worker
2025-02-16 00:37:53,606 INFO /usr/local/bin/bench serve --port 8000
2025-02-16 00:37:53,627 INFO /usr/local/bin/bench watch
2025-02-16 00:37:53,633 INFO /usr/local/bin/bench schedule
2025-02-16 04:02:29,330 INFO /usr/local/bin/bench start
2025-02-16 04:02:29,605 INFO /usr/local/bin/bench serve --port 8000
2025-02-16 04:02:29,616 INFO /usr/local/bin/bench watch
2025-02-16 04:02:29,618 INFO /usr/local/bin/bench schedule
2025-02-16 04:02:29,626 INFO /usr/local/bin/bench worker
2025-02-18 01:21:42,169 INFO /usr/local/bin/bench start
2025-02-18 01:21:42,496 INFO /usr/local/bin/bench watch
2025-02-18 01:21:42,496 INFO /usr/local/bin/bench serve --port 8000
2025-02-18 01:21:42,498 INFO /usr/local/bin/bench worker
2025-02-18 01:21:42,509 INFO /usr/local/bin/bench schedule
2025-02-18 20:00:20,657 INFO /usr/local/bin/bench s
2025-02-18 20:00:24,635 INFO /usr/local/bin/bench start
2025-02-18 20:00:24,865 INFO /usr/local/bin/bench schedule
2025-02-18 20:00:24,865 INFO /usr/local/bin/bench serve --port 8000
2025-02-18 20:00:24,865 INFO /usr/local/bin/bench watch
2025-02-18 20:00:24,870 INFO /usr/local/bin/bench worker
2025-02-18 20:07:52,794 INFO /usr/local/bin/bench start
2025-02-18 20:07:52,968 INFO /usr/local/bin/bench worker
2025-02-18 20:07:52,971 INFO /usr/local/bin/bench watch
2025-02-18 20:07:52,973 INFO /usr/local/bin/bench schedule
2025-02-18 20:07:52,989 INFO /usr/local/bin/bench serve --port 8000
2025-02-18 22:52:51,635 INFO /usr/local/bin/bench start
2025-02-18 22:52:51,870 INFO /usr/local/bin/bench worker
2025-02-18 22:52:51,875 INFO /usr/local/bin/bench serve --port 8000
2025-02-18 22:52:51,880 INFO /usr/local/bin/bench watch
2025-02-18 22:52:51,890 INFO /usr/local/bin/bench schedule
2025-02-19 02:51:46,528 INFO /usr/local/bin/bench start
2025-02-19 02:51:46,804 INFO /usr/local/bin/bench watch
2025-02-19 02:51:46,815 INFO /usr/local/bin/bench worker
2025-02-19 02:51:46,817 INFO /usr/local/bin/bench schedule
2025-02-19 02:51:46,818 INFO /usr/local/bin/bench serve --port 8000
2025-02-19 04:19:37,729 INFO /usr/local/bin/bench start
2025-02-19 04:19:37,938 INFO /usr/local/bin/bench serve --port 8000
2025-02-19 04:19:37,943 INFO /usr/local/bin/bench schedule
2025-02-19 04:19:37,951 INFO /usr/local/bin/bench watch
2025-02-19 04:19:37,974 INFO /usr/local/bin/bench worker
2025-02-21 22:22:43,591 INFO /usr/local/bin/bench start
2025-02-21 22:22:43,893 INFO /usr/local/bin/bench watch
2025-02-21 22:22:43,901 INFO /usr/local/bin/bench serve --port 8000
2025-02-21 22:22:43,904 INFO /usr/local/bin/bench schedule
2025-02-21 22:22:43,908 INFO /usr/local/bin/bench worker
2025-02-21 22:53:48,120 INFO /usr/local/bin/bench start
2025-02-21 22:53:48,371 INFO /usr/local/bin/bench serve --port 8000
2025-02-21 22:53:48,375 INFO /usr/local/bin/bench watch
2025-02-21 22:53:48,385 INFO /usr/local/bin/bench schedule
2025-02-21 22:53:48,398 INFO /usr/local/bin/bench worker
2025-02-21 22:57:51,290 INFO /usr/local/bin/bench start
2025-02-21 22:57:51,489 INFO /usr/local/bin/bench serve --port 8000
2025-02-21 22:57:51,498 INFO /usr/local/bin/bench watch
2025-02-21 22:57:51,508 INFO /usr/local/bin/bench worker
2025-02-21 22:57:51,508 INFO /usr/local/bin/bench schedule
2025-02-22 04:06:28,456 INFO /usr/local/bin/bench start
2025-02-22 04:06:28,719 INFO /usr/local/bin/bench serve --port 8000
2025-02-22 04:06:28,736 INFO /usr/local/bin/bench watch
2025-02-22 04:06:28,736 INFO /usr/local/bin/bench worker
2025-02-22 04:06:28,740 INFO /usr/local/bin/bench schedule
2025-02-23 00:28:49,848 INFO /usr/local/bin/bench start
2025-02-23 00:28:50,221 INFO /usr/local/bin/bench schedule
2025-02-23 00:28:50,222 INFO /usr/local/bin/bench worker
2025-02-23 00:28:50,231 INFO /usr/local/bin/bench watch
2025-02-23 00:28:50,236 INFO /usr/local/bin/bench serve --port 8000
2025-02-23 00:51:07,450 INFO /usr/local/bin/bench start
2025-02-23 00:51:07,635 INFO /usr/local/bin/bench watch
2025-02-23 00:51:07,652 INFO /usr/local/bin/bench serve --port 8000
2025-02-23 00:51:07,653 INFO /usr/local/bin/bench schedule
2025-02-23 00:51:07,655 INFO /usr/local/bin/bench worker
2025-02-24 02:15:19,994 INFO /usr/local/bin/bench start
2025-02-24 02:15:20,257 INFO /usr/local/bin/bench schedule
2025-02-24 02:15:20,261 INFO /usr/local/bin/bench serve --port 8000
2025-02-24 02:15:20,270 INFO /usr/local/bin/bench watch
2025-02-24 02:15:20,284 INFO /usr/local/bin/bench worker
2025-02-24 02:19:23,932 INFO /usr/local/bin/bench start
2025-02-24 02:19:24,097 INFO /usr/local/bin/bench worker
2025-02-24 02:19:24,100 INFO /usr/local/bin/bench watch
2025-02-24 02:19:24,116 INFO /usr/local/bin/bench serve --port 8000
2025-02-24 02:19:24,121 INFO /usr/local/bin/bench schedule
2025-02-24 02:20:28,197 INFO /usr/local/bin/bench start
2025-02-24 02:20:28,377 INFO /usr/local/bin/bench schedule
2025-02-24 02:20:28,379 INFO /usr/local/bin/bench watch
2025-02-24 02:20:28,383 INFO /usr/local/bin/bench worker
2025-02-24 02:20:28,385 INFO /usr/local/bin/bench serve --port 8000
2025-02-24 02:20:42,425 INFO /usr/local/bin/bench start
2025-02-24 02:20:42,590 INFO /usr/local/bin/bench serve --port 8000
2025-02-24 02:20:42,590 INFO /usr/local/bin/bench schedule
2025-02-24 02:20:42,592 INFO /usr/local/bin/bench watch
2025-02-24 02:20:42,615 INFO /usr/local/bin/bench worker
2025-02-24 02:22:44,938 INFO /usr/local/bin/bench start
2025-02-24 02:22:45,103 INFO /usr/local/bin/bench serve --port 8000
2025-02-24 02:22:45,105 INFO /usr/local/bin/bench worker
2025-02-24 02:22:45,110 INFO /usr/local/bin/bench watch
2025-02-24 02:22:45,112 INFO /usr/local/bin/bench schedule
2025-02-24 02:31:38,946 INFO /usr/local/bin/bench start
2025-02-24 02:31:39,112 INFO /usr/local/bin/bench schedule
2025-02-24 02:31:39,116 INFO /usr/local/bin/bench worker
2025-02-24 02:31:39,123 INFO /usr/local/bin/bench serve --port 8000
2025-02-24 02:31:39,124 INFO /usr/local/bin/bench watch
2025-02-24 02:56:29,833 INFO /usr/local/bin/bench start
2025-02-24 02:56:30,049 INFO /usr/local/bin/bench schedule
2025-02-24 02:56:30,049 INFO /usr/local/bin/bench watch
2025-02-24 02:56:30,050 INFO /usr/local/bin/bench serve --port 8000
2025-02-24 02:56:30,052 INFO /usr/local/bin/bench worker
2025-02-24 04:08:49,969 INFO /usr/local/bin/bench start
2025-02-24 04:08:50,176 INFO /usr/local/bin/bench serve --port 8000
2025-02-24 04:08:50,178 INFO /usr/local/bin/bench watch
2025-02-24 04:08:50,180 INFO /usr/local/bin/bench schedule
2025-02-24 04:08:50,181 INFO /usr/local/bin/bench worker
2025-02-24 23:03:32,321 INFO /usr/local/bin/bench start
2025-02-24 23:03:32,531 INFO /usr/local/bin/bench schedule
2025-02-24 23:03:32,536 INFO /usr/local/bin/bench serve --port 8000
2025-02-24 23:03:32,536 INFO /usr/local/bin/bench worker
2025-02-24 23:03:32,538 INFO /usr/local/bin/bench watch
2025-02-24 23:13:29,538 INFO /usr/local/bin/bench start
2025-02-24 23:13:29,763 INFO /usr/local/bin/bench serve --port 8000
2025-02-24 23:13:29,768 INFO /usr/local/bin/bench schedule
2025-02-24 23:13:29,771 INFO /usr/local/bin/bench watch
2025-02-24 23:13:29,777 INFO /usr/local/bin/bench worker
2025-02-27 01:28:20,135 INFO /usr/local/bin/bench start
2025-02-27 01:28:20,336 INFO /usr/local/bin/bench serve --port 8000
2025-02-27 01:28:20,341 INFO /usr/local/bin/bench worker
2025-02-27 01:28:20,341 INFO /usr/local/bin/bench watch
2025-02-27 01:28:20,344 INFO /usr/local/bin/bench schedule
2025-02-27 01:59:22,199 INFO /usr/local/bin/bench start
2025-02-27 01:59:22,369 INFO /usr/local/bin/bench worker
2025-02-27 01:59:22,370 INFO /usr/local/bin/bench schedule
2025-02-27 01:59:22,372 INFO /usr/local/bin/bench watch
2025-02-27 01:59:22,375 INFO /usr/local/bin/bench serve --port 8000
2025-02-27 02:20:59,158 INFO /usr/local/bin/bench start
2025-02-27 02:20:59,328 INFO /usr/local/bin/bench watch
2025-02-27 02:20:59,332 INFO /usr/local/bin/bench serve --port 8000
2025-02-27 02:20:59,333 INFO /usr/local/bin/bench worker
2025-02-27 02:20:59,343 INFO /usr/local/bin/bench schedule
2025-03-01 23:39:57,114 INFO /usr/local/bin/bench start
2025-03-01 23:39:57,363 INFO /usr/local/bin/bench serve --port 8000
2025-03-01 23:39:57,364 INFO /usr/local/bin/bench watch
2025-03-01 23:39:57,371 INFO /usr/local/bin/bench worker
2025-03-01 23:39:57,373 INFO /usr/local/bin/bench schedule
2025-03-01 23:40:14,296 INFO /usr/local/bin/bench build
2025-03-01 23:41:03,078 INFO /usr/local/bin/bench start
2025-03-01 23:41:03,276 INFO /usr/local/bin/bench worker
2025-03-01 23:41:03,284 INFO /usr/local/bin/bench watch
2025-03-01 23:41:03,288 INFO /usr/local/bin/bench schedule
2025-03-01 23:41:03,288 INFO /usr/local/bin/bench serve --port 8000
2025-03-01 23:43:39,347 INFO /usr/local/bin/bench build
2025-03-01 23:44:24,670 INFO /usr/local/bin/bench start
2025-03-01 23:44:24,881 INFO /usr/local/bin/bench serve --port 8000
2025-03-01 23:44:24,900 INFO /usr/local/bin/bench watch
2025-03-01 23:44:24,907 INFO /usr/local/bin/bench schedule
2025-03-01 23:44:24,908 INFO /usr/local/bin/bench worker
2025-03-01 23:50:07,105 INFO /usr/local/bin/bench build
2025-03-01 23:50:24,461 INFO /usr/local/bin/bench build
2025-03-01 23:51:48,165 INFO /usr/local/bin/bench restart
2025-03-01 23:51:48,273 WARNING restart failed: Couldn't find supervisorctl in PATH
2025-03-01 23:52:07,046 INFO /usr/local/bin/bench clear-cache
2025-03-01 23:52:11,780 INFO /usr/local/bin/bench start
2025-03-01 23:52:11,926 INFO /usr/local/bin/bench serve --port 8000
2025-03-01 23:52:11,944 INFO /usr/local/bin/bench worker
2025-03-01 23:52:11,959 INFO /usr/local/bin/bench watch
2025-03-01 23:52:11,962 INFO /usr/local/bin/bench schedule
2025-03-01 23:59:56,611 INFO /usr/local/bin/bench build --app hrms
2025-03-02 00:00:47,162 INFO /usr/local/bin/bench restart
2025-03-02 00:00:47,273 WARNING restart failed: Couldn't find supervisorctl in PATH
2025-03-02 00:01:17,673 INFO /usr/local/bin/bench stop
2025-03-02 00:01:25,125 INFO /usr/local/bin/bench restart
2025-03-02 00:01:25,212 WARNING restart failed: Couldn't find supervisorctl in PATH
2025-03-02 00:01:34,884 INFO /usr/local/bin/bench start
2025-03-02 00:01:35,046 INFO /usr/local/bin/bench watch
2025-03-02 00:01:35,048 INFO /usr/local/bin/bench serve --port 8000
2025-03-02 00:01:35,062 INFO /usr/local/bin/bench schedule
2025-03-02 00:01:35,062 INFO /usr/local/bin/bench worker
2025-03-02 00:02:07,755 INFO /usr/local/bin/bench clear-website-cache
2025-03-02 00:02:15,000 INFO /usr/local/bin/bench clear-cache
2025-03-02 00:02:19,180 INFO /usr/local/bin/bench start
2025-03-02 00:02:19,329 INFO /usr/local/bin/bench schedule
2025-03-02 00:02:19,330 INFO /usr/local/bin/bench serve --port 8000
2025-03-02 00:02:19,350 INFO /usr/local/bin/bench worker
2025-03-02 00:02:19,353 INFO /usr/local/bin/bench watch
2025-03-02 00:05:19,557 INFO /usr/local/bin/bench start
2025-03-02 00:05:19,724 INFO /usr/local/bin/bench worker
2025-03-02 00:05:19,729 INFO /usr/local/bin/bench watch
2025-03-02 00:05:19,730 INFO /usr/local/bin/bench serve --port 8000
2025-03-02 00:05:19,743 INFO /usr/local/bin/bench schedule
2025-03-02 00:05:27,290 INFO /usr/local/bin/bench build --app hrms
2025-03-02 00:07:03,355 INFO /usr/local/bin/bench start
2025-03-02 00:07:03,512 INFO /usr/local/bin/bench watch
2025-03-02 00:07:03,527 INFO /usr/local/bin/bench schedule
2025-03-02 00:07:03,528 INFO /usr/local/bin/bench worker
2025-03-02 00:07:03,535 INFO /usr/local/bin/bench serve --port 8000
2025-03-02 00:11:18,535 INFO /usr/local/bin/bench build --app hrms
2025-03-02 00:11:46,987 INFO /usr/local/bin/bench start
2025-03-02 00:11:47,149 INFO /usr/local/bin/bench worker
2025-03-02 00:11:47,153 INFO /usr/local/bin/bench serve --port 8000
2025-03-02 00:11:47,174 INFO /usr/local/bin/bench schedule
2025-03-02 00:11:47,181 INFO /usr/local/bin/bench watch
2025-03-02 01:04:51,745 INFO /usr/local/bin/bench start
2025-03-02 01:04:51,925 INFO /usr/local/bin/bench serve --port 8000
2025-03-02 01:04:51,929 INFO /usr/local/bin/bench watch
2025-03-02 01:04:51,931 INFO /usr/local/bin/bench schedule
2025-03-02 01:04:51,939 INFO /usr/local/bin/bench worker
2025-03-02 23:30:28,437 INFO /usr/local/bin/bench start
2025-03-02 23:30:28,879 INFO /usr/local/bin/bench serve --port 8000
2025-03-02 23:30:28,880 INFO /usr/local/bin/bench schedule
2025-03-02 23:30:28,889 INFO /usr/local/bin/bench worker
2025-03-02 23:30:28,893 INFO /usr/local/bin/bench watch
2025-03-03 01:11:03,255 INFO /usr/local/bin/bench start
2025-03-03 01:11:03,464 INFO /usr/local/bin/bench serve --port 8000
2025-03-03 01:11:03,472 INFO /usr/local/bin/bench schedule
2025-03-03 01:11:03,484 INFO /usr/local/bin/bench worker
2025-03-03 01:11:03,485 INFO /usr/local/bin/bench watch
2025-03-03 01:42:26,382 INFO /usr/local/bin/bench start
2025-03-03 01:42:26,628 INFO /usr/local/bin/bench schedule
2025-03-03 01:42:26,628 INFO /usr/local/bin/bench serve --port 8000
2025-03-03 01:42:26,629 INFO /usr/local/bin/bench watch
2025-03-03 01:42:26,638 INFO /usr/local/bin/bench worker
2025-03-03 06:03:33,754 INFO /usr/local/bin/bench start
2025-03-03 06:03:33,943 INFO /usr/local/bin/bench watch
2025-03-03 06:03:33,954 INFO /usr/local/bin/bench schedule
2025-03-03 06:03:33,955 INFO /usr/local/bin/bench serve --port 8000
2025-03-03 06:03:33,968 INFO /usr/local/bin/bench worker
2025-03-03 22:21:57,720 INFO /usr/local/bin/bench start
2025-03-03 22:21:57,930 INFO /usr/local/bin/bench worker
2025-03-03 22:21:57,935 INFO /usr/local/bin/bench watch
2025-03-03 22:21:57,953 INFO /usr/local/bin/bench schedule
2025-03-03 22:21:57,953 INFO /usr/local/bin/bench serve --port 8000
2025-03-03 22:22:29,824 INFO /usr/local/bin/bench start
2025-03-03 22:22:29,996 INFO /usr/local/bin/bench serve --port 8000
2025-03-03 22:22:29,996 INFO /usr/local/bin/bench worker
2025-03-03 22:22:29,999 INFO /usr/local/bin/bench watch
2025-03-03 22:22:30,005 INFO /usr/local/bin/bench schedule
2025-03-04 01:41:40,071 INFO /usr/local/bin/bench execute
2025-03-04 01:43:35,593 INFO /usr/local/bin/bench execute frappe.core.doctype.page.page.new_page {"title":"ادرة الموظفين","module":"HR"}
2025-03-04 01:44:02,701 INFO /usr/local/bin/bench execute frappe.core.doctype.page.page.new_page
2025-03-04 01:44:42,439 INFO /usr/local/bin/bench execute frappe.core.doctype.page.page.new_page
2025-03-04 01:45:13,506 INFO /usr/local/bin/bench execute frappe.core.doctype.page.page.new_page {"title":"ادرة الموظفين","module":"HR"}
2025-03-04 01:45:25,929 INFO /usr/local/bin/bench execute frappe.core.doctype.page.page.new_page {"title":"ادرة الموظفين","module":"HR"}
2025-03-04 01:45:46,702 INFO /usr/local/bin/bench execute --help
2025-03-04 01:46:05,905 INFO /usr/local/bin/bench execute --args frappe.core.doctype.page.page.new_page {"title":"ادرة الموظفين","module":"HR"}
2025-03-04 01:47:40,295 INFO /usr/local/bin/bench execute --args frappe.core.doctype.page.page.new_page {"title":"ادرة الموظفين","module":"HR"}
2025-03-04 01:48:41,304 INFO /usr/local/bin/bench make-page --module HR --app hrms employee_management
2025-03-04 01:50:19,076 INFO /usr/local/bin/bench make-page --app hrms employee_management
2025-03-04 01:50:46,882 INFO /usr/local/bin/bench make-page --app hr employee_management
2025-03-04 01:50:56,169 INFO /usr/local/bin/bench make-page --app hr employee_management
2025-03-04 02:04:19,842 INFO /usr/local/bin/bench migrate
2025-03-04 02:05:16,217 INFO /usr/local/bin/bench migrate
2025-03-04 02:07:35,452 INFO /usr/local/bin/bench start
2025-03-04 02:07:35,665 INFO /usr/local/bin/bench worker
2025-03-04 02:07:35,667 INFO /usr/local/bin/bench serve --port 8000
2025-03-04 02:07:35,672 INFO /usr/local/bin/bench watch
2025-03-04 02:07:35,675 INFO /usr/local/bin/bench schedule
2025-03-04 02:07:46,085 INFO /usr/local/bin/bench migrate
2025-03-04 02:08:20,068 INFO /usr/local/bin/bench build
2025-03-04 02:09:06,269 INFO /usr/local/bin/bench build --app hrms
2025-03-04 02:10:05,128 INFO /usr/local/bin/bench restart
2025-03-04 02:10:05,198 WARNING restart failed: Couldn't find supervisorctl in PATH
2025-03-04 02:10:59,475 INFO /usr/local/bin/bench start
2025-03-04 02:10:59,658 INFO /usr/local/bin/bench serve --port 8000
2025-03-04 02:10:59,660 INFO /usr/local/bin/bench worker
2025-03-04 02:10:59,662 INFO /usr/local/bin/bench schedule
2025-03-04 02:10:59,673 INFO /usr/local/bin/bench watch
2025-03-04 02:11:24,369 INFO /usr/local/bin/bench migrate
2025-03-04 02:11:31,634 INFO /usr/local/bin/bench start
2025-03-04 02:11:31,822 INFO /usr/local/bin/bench worker
2025-03-04 02:11:31,831 INFO /usr/local/bin/bench serve --port 8000
2025-03-04 02:11:31,840 INFO /usr/local/bin/bench schedule
2025-03-04 02:11:31,844 INFO /usr/local/bin/bench watch
2025-03-04 02:11:35,841 INFO /usr/local/bin/bench migrate
2025-03-04 02:11:49,334 INFO /usr/local/bin/bench build --app hrms
2025-03-04 02:12:41,552 INFO /usr/local/bin/bench start
2025-03-04 02:12:41,762 INFO /usr/local/bin/bench schedule
2025-03-04 02:12:41,762 INFO /usr/local/bin/bench serve --port 8000
2025-03-04 02:12:41,765 INFO /usr/local/bin/bench worker
2025-03-04 02:12:41,781 INFO /usr/local/bin/bench watch
2025-03-04 02:15:19,016 INFO /usr/local/bin/bench build --app hrms
2025-03-04 02:16:03,095 INFO /usr/local/bin/bench start
2025-03-04 02:16:03,304 INFO /usr/local/bin/bench watch
2025-03-04 02:16:03,312 INFO /usr/local/bin/bench schedule
2025-03-04 02:16:03,313 INFO /usr/local/bin/bench serve --port 8000
2025-03-04 02:16:03,325 INFO /usr/local/bin/bench worker
2025-03-04 02:17:18,423 INFO /usr/local/bin/bench migrate
2025-03-04 02:17:28,186 INFO /usr/local/bin/bench build --app hrms
2025-03-04 02:18:14,878 INFO /usr/local/bin/bench start
2025-03-04 02:18:15,071 INFO /usr/local/bin/bench serve --port 8000
2025-03-04 02:18:15,079 INFO /usr/local/bin/bench schedule
2025-03-04 02:18:15,088 INFO /usr/local/bin/bench worker
2025-03-04 02:18:15,093 INFO /usr/local/bin/bench watch
2025-03-04 03:45:41,441 INFO /usr/local/bin/bench migrate
2025-03-04 03:45:46,680 INFO /usr/local/bin/bench migrate
2025-03-04 03:45:50,446 INFO /usr/local/bin/bench start
2025-03-04 03:45:50,638 INFO /usr/local/bin/bench serve --port 8000
2025-03-04 03:45:50,640 INFO /usr/local/bin/bench watch
2025-03-04 03:45:50,650 INFO /usr/local/bin/bench worker
2025-03-04 03:45:50,655 INFO /usr/local/bin/bench schedule
2025-03-04 03:45:53,019 INFO /usr/local/bin/bench migrate
2025-03-04 03:46:02,655 INFO /usr/local/bin/bench build --app hrms
2025-03-04 03:51:18,798 INFO /usr/local/bin/bench start
2025-03-04 03:51:18,972 INFO /usr/local/bin/bench serve --port 8000
2025-03-04 03:51:18,976 INFO /usr/local/bin/bench watch
2025-03-04 03:51:18,976 INFO /usr/local/bin/bench schedule
2025-03-04 03:51:18,979 INFO /usr/local/bin/bench worker
2025-03-04 03:52:44,607 INFO /usr/local/bin/bench migrate
2025-03-04 03:52:59,920 INFO /usr/local/bin/bench build --app hrms
2025-03-04 03:55:11,315 INFO /usr/local/bin/bench build --app hrms
2025-03-04 03:55:33,244 INFO /usr/local/bin/bench restart
2025-03-04 03:55:33,453 WARNING restart failed: Couldn't find supervisorctl in PATH
2025-03-04 03:55:57,405 INFO /usr/local/bin/bench start
2025-03-04 03:55:59,086 INFO /usr/local/bin/bench start
2025-03-04 03:58:13,015 INFO /usr/local/bin/bench start
2025-03-04 03:58:20,348 INFO /usr/local/bin/bench start
2025-03-04 03:58:20,570 INFO /usr/local/bin/bench serve --port 8000
2025-03-04 03:58:20,587 INFO /usr/local/bin/bench worker
2025-03-04 03:58:20,588 INFO /usr/local/bin/bench watch
2025-03-04 03:58:20,595 INFO /usr/local/bin/bench schedule
2025-03-04 05:17:16,298 INFO /usr/local/bin/bench start
2025-03-04 05:17:16,481 INFO /usr/local/bin/bench worker
2025-03-04 05:17:16,481 INFO /usr/local/bin/bench watch
2025-03-04 05:17:16,488 INFO /usr/local/bin/bench serve --port 8000
2025-03-04 05:17:16,500 INFO /usr/local/bin/bench schedule
2025-03-04 05:19:01,875 INFO /usr/local/bin/bench start
2025-03-04 06:43:15,952 INFO /usr/local/bin/bench build --app hrms
2025-03-04 06:44:58,798 INFO /usr/local/bin/bench start
2025-03-04 06:44:59,010 INFO /usr/local/bin/bench worker
2025-03-04 06:44:59,024 INFO /usr/local/bin/bench watch
2025-03-04 06:44:59,030 INFO /usr/local/bin/bench serve --port 8000
2025-03-04 06:44:59,033 INFO /usr/local/bin/bench schedule
2025-03-04 06:57:17,848 INFO /usr/local/bin/bench build --app hrms
2025-03-04 07:01:09,205 INFO /usr/local/bin/bench build --app hrms
2025-03-04 07:01:12,832 INFO /usr/local/bin/bench start
2025-03-04 07:01:13,050 INFO /usr/local/bin/bench serve --port 8000
2025-03-04 07:01:13,050 INFO /usr/local/bin/bench schedule
2025-03-04 07:01:13,051 INFO /usr/local/bin/bench watch
2025-03-04 07:01:13,062 INFO /usr/local/bin/bench worker
2025-03-04 07:07:11,630 INFO /usr/local/bin/bench clear-cache
2025-03-04 07:07:18,605 INFO /usr/local/bin/bench migrate
2025-03-04 07:07:31,998 INFO /usr/local/bin/bench start
2025-03-04 07:07:40,747 INFO /usr/local/bin/bench start
2025-03-04 07:07:40,947 INFO /usr/local/bin/bench watch
2025-03-04 07:07:40,950 INFO /usr/local/bin/bench serve --port 8000
2025-03-04 07:07:40,951 INFO /usr/local/bin/bench schedule
2025-03-04 07:07:40,956 INFO /usr/local/bin/bench worker
2025-03-04 22:29:39,280 INFO /usr/local/bin/bench start
2025-03-04 22:29:39,555 INFO /usr/local/bin/bench serve --port 8000
2025-03-04 22:29:39,555 INFO /usr/local/bin/bench worker
2025-03-04 22:29:39,566 INFO /usr/local/bin/bench schedule
2025-03-04 22:29:39,584 INFO /usr/local/bin/bench watch
2025-03-05 04:31:26,869 INFO /usr/local/bin/bench start
2025-03-05 04:31:27,050 INFO /usr/local/bin/bench worker
2025-03-05 04:31:27,052 INFO /usr/local/bin/bench serve --port 8000
2025-03-05 04:31:27,064 INFO /usr/local/bin/bench watch
2025-03-05 04:31:27,069 INFO /usr/local/bin/bench schedule
2025-03-05 04:57:48,536 INFO /usr/local/bin/bench start
2025-03-05 04:57:48,713 INFO /usr/local/bin/bench watch
2025-03-05 04:57:48,719 INFO /usr/local/bin/bench worker
2025-03-05 04:57:48,719 INFO /usr/local/bin/bench serve --port 8000
2025-03-05 04:57:48,724 INFO /usr/local/bin/bench schedule
2025-03-05 23:03:15,924 INFO /usr/local/bin/bench start
2025-03-05 23:03:16,173 INFO /usr/local/bin/bench serve --port 8000
2025-03-05 23:03:16,173 INFO /usr/local/bin/bench schedule
2025-03-05 23:03:16,175 INFO /usr/local/bin/bench watch
2025-03-05 23:03:16,176 INFO /usr/local/bin/bench worker
2025-03-06 00:46:50,978 INFO /usr/local/bin/bench start
2025-03-06 00:46:51,179 INFO /usr/local/bin/bench watch
2025-03-06 00:46:51,188 INFO /usr/local/bin/bench serve --port 8000
2025-03-06 00:46:51,200 INFO /usr/local/bin/bench schedule
2025-03-06 00:46:51,206 INFO /usr/local/bin/bench worker
2025-03-06 01:38:30,172 INFO /usr/local/bin/bench start
2025-03-06 01:38:30,406 INFO /usr/local/bin/bench serve --port 8000
2025-03-06 01:38:30,408 INFO /usr/local/bin/bench watch
2025-03-06 01:38:30,413 INFO /usr/local/bin/bench schedule
2025-03-06 01:38:30,416 INFO /usr/local/bin/bench worker
2025-03-06 01:45:20,257 INFO /usr/local/bin/bench start
2025-03-06 01:45:20,440 INFO /usr/local/bin/bench serve --port 8000
2025-03-06 01:45:20,458 INFO /usr/local/bin/bench watch
2025-03-06 01:45:20,460 INFO /usr/local/bin/bench schedule
2025-03-06 01:45:20,461 INFO /usr/local/bin/bench worker
2025-03-06 02:06:51,484 INFO /usr/local/bin/bench build
2025-03-06 02:07:13,313 INFO /usr/local/bin/bench build
2025-03-06 02:08:40,817 INFO /usr/local/bin/bench clear-cache
2025-03-06 02:08:47,455 INFO /usr/local/bin/bench start
2025-03-06 02:08:47,605 INFO /usr/local/bin/bench watch
2025-03-06 02:08:47,614 INFO /usr/local/bin/bench worker
2025-03-06 02:08:47,624 INFO /usr/local/bin/bench schedule
2025-03-06 02:08:47,631 INFO /usr/local/bin/bench serve --port 8000
2025-03-06 02:12:02,597 INFO /usr/local/bin/bench build
2025-03-06 02:12:35,826 INFO /usr/local/bin/bench build --app hrms
2025-03-06 02:13:07,588 INFO /usr/local/bin/bench start
2025-03-06 02:13:07,773 INFO /usr/local/bin/bench worker
2025-03-06 02:13:07,773 INFO /usr/local/bin/bench serve --port 8000
2025-03-06 02:13:07,779 INFO /usr/local/bin/bench schedule
2025-03-06 02:13:07,791 INFO /usr/local/bin/bench watch
2025-03-06 02:21:06,573 INFO /usr/local/bin/bench start
2025-03-06 02:21:06,804 INFO /usr/local/bin/bench serve --port 8000
2025-03-06 02:21:06,805 INFO /usr/local/bin/bench watch
2025-03-06 02:21:06,808 INFO /usr/local/bin/bench worker
2025-03-06 02:21:06,826 INFO /usr/local/bin/bench schedule
2025-03-06 02:32:46,426 INFO /usr/local/bin/bench build --app hrms
2025-03-06 02:33:10,598 INFO /usr/local/bin/bench clear-cache
2025-03-06 02:33:12,894 INFO /usr/local/bin/bench start
2025-03-06 02:33:13,043 INFO /usr/local/bin/bench worker
2025-03-06 02:33:13,047 INFO /usr/local/bin/bench watch
2025-03-06 02:33:13,072 INFO /usr/local/bin/bench serve --port 8000
2025-03-06 02:33:13,073 INFO /usr/local/bin/bench schedule
2025-03-06 05:34:21,333 INFO /usr/local/bin/bench start
2025-03-06 05:34:21,524 INFO /usr/local/bin/bench worker
2025-03-06 05:34:21,534 INFO /usr/local/bin/bench watch
2025-03-06 05:34:21,534 INFO /usr/local/bin/bench schedule
2025-03-06 05:34:21,534 INFO /usr/local/bin/bench serve --port 8000
2025-03-06 08:42:38,644 INFO /usr/local/bin/bench start
2025-03-06 08:42:38,827 INFO /usr/local/bin/bench schedule
2025-03-06 08:42:38,831 INFO /usr/local/bin/bench worker
2025-03-06 08:42:38,834 INFO /usr/local/bin/bench serve --port 8000
2025-03-06 08:42:38,852 INFO /usr/local/bin/bench watch
2025-03-06 23:05:19,425 INFO /usr/local/bin/bench start
2025-03-06 23:05:20,368 INFO /usr/local/bin/bench schedule
2025-03-06 23:05:20,461 INFO /usr/local/bin/bench serve --port 8000
2025-03-06 23:05:20,535 INFO /usr/local/bin/bench worker
2025-03-06 23:05:20,595 INFO /usr/local/bin/bench watch
2025-03-07 00:44:23,110 INFO /usr/local/bin/bench start
2025-03-07 00:44:23,308 INFO /usr/local/bin/bench worker
2025-03-07 00:44:23,313 INFO /usr/local/bin/bench watch
2025-03-07 00:44:23,325 INFO /usr/local/bin/bench serve --port 8000
2025-03-07 00:44:23,328 INFO /usr/local/bin/bench schedule
2025-03-07 01:08:35,936 INFO /usr/local/bin/bench start
2025-03-07 01:08:36,144 INFO /usr/local/bin/bench serve --port 8000
2025-03-07 01:08:36,157 INFO /usr/local/bin/bench watch
2025-03-07 01:08:36,160 INFO /usr/local/bin/bench worker
2025-03-07 01:08:36,164 INFO /usr/local/bin/bench schedule
2025-03-07 04:44:04,655 INFO /usr/local/bin/bench start
2025-03-07 04:44:04,880 INFO /usr/local/bin/bench serve --port 8000
2025-03-07 04:44:04,892 INFO /usr/local/bin/bench worker
2025-03-07 04:44:04,895 INFO /usr/local/bin/bench schedule
2025-03-07 04:44:04,896 INFO /usr/local/bin/bench watch
2025-03-07 04:55:24,453 INFO /usr/local/bin/bench start
2025-03-07 04:55:24,607 INFO /usr/local/bin/bench worker
2025-03-07 04:55:24,625 INFO /usr/local/bin/bench serve --port 8000
2025-03-07 04:55:24,630 INFO /usr/local/bin/bench schedule
2025-03-07 04:55:24,632 INFO /usr/local/bin/bench watch
2025-03-07 05:17:46,710 INFO /usr/local/bin/bench start
2025-03-07 05:17:46,856 INFO /usr/local/bin/bench serve --port 8000
2025-03-07 05:17:46,872 INFO /usr/local/bin/bench watch
2025-03-07 05:17:46,875 INFO /usr/local/bin/bench schedule
2025-03-07 05:17:46,876 INFO /usr/local/bin/bench worker
2025-03-07 23:00:45,953 INFO /usr/local/bin/bench start
2025-03-07 23:00:46,816 INFO /usr/local/bin/bench serve --port 8000
2025-03-07 23:00:46,877 INFO /usr/local/bin/bench schedule
2025-03-07 23:00:46,985 INFO /usr/local/bin/bench worker
2025-03-07 23:00:46,987 INFO /usr/local/bin/bench watch
2025-03-08 01:49:46,669 INFO /usr/local/bin/bench build --app hrms
2025-03-08 01:51:38,226 INFO /usr/local/bin/bench start
2025-03-08 01:51:38,403 INFO /usr/local/bin/bench watch
2025-03-08 01:51:38,406 INFO /usr/local/bin/bench serve --port 8000
2025-03-08 01:51:38,406 INFO /usr/local/bin/bench schedule
2025-03-08 01:51:38,412 INFO /usr/local/bin/bench worker
2025-03-08 02:01:39,388 INFO /usr/local/bin/bench build --app hrms
2025-03-08 02:02:08,710 INFO /usr/local/bin/bench start
2025-03-08 02:02:08,917 INFO /usr/local/bin/bench serve --port 8000
2025-03-08 02:02:08,918 INFO /usr/local/bin/bench watch
2025-03-08 02:02:08,927 INFO /usr/local/bin/bench schedule
2025-03-08 02:02:08,931 INFO /usr/local/bin/bench worker
2025-03-08 02:05:15,596 INFO /usr/local/bin/bench build --app hrms
2025-03-08 02:05:54,383 INFO /usr/local/bin/bench start
2025-03-08 02:05:54,611 INFO /usr/local/bin/bench schedule
2025-03-08 02:05:54,615 INFO /usr/local/bin/bench serve --port 8000
2025-03-08 02:05:54,618 INFO /usr/local/bin/bench watch
2025-03-08 02:05:54,627 INFO /usr/local/bin/bench worker
2025-03-08 02:12:28,749 INFO /usr/local/bin/bench build --app hrms
2025-03-08 02:12:58,809 INFO /usr/local/bin/bench start
2025-03-08 02:12:59,023 INFO /usr/local/bin/bench watch
2025-03-08 02:12:59,028 INFO /usr/local/bin/bench worker
2025-03-08 02:12:59,029 INFO /usr/local/bin/bench serve --port 8000
2025-03-08 02:12:59,039 INFO /usr/local/bin/bench schedule
2025-03-08 02:14:58,725 INFO /usr/local/bin/bench start
2025-03-08 02:15:01,150 INFO /usr/local/bin/bench build --app hrms
2025-03-08 02:22:59,420 INFO /usr/local/bin/bench build
2025-03-08 02:23:53,262 INFO /usr/local/bin/bench start
2025-03-08 02:23:53,531 INFO /usr/local/bin/bench schedule
2025-03-08 02:23:53,540 INFO /usr/local/bin/bench worker
2025-03-08 02:23:53,543 INFO /usr/local/bin/bench watch
2025-03-08 02:23:53,544 INFO /usr/local/bin/bench serve --port 8000
2025-03-08 02:29:37,733 INFO /usr/local/bin/bench build --app hrms
2025-03-08 02:30:16,190 INFO /usr/local/bin/bench start
2025-03-08 02:30:16,415 INFO /usr/local/bin/bench watch
2025-03-08 02:30:16,415 INFO /usr/local/bin/bench serve --port 8000
2025-03-08 02:30:16,418 INFO /usr/local/bin/bench schedule
2025-03-08 02:30:16,419 INFO /usr/local/bin/bench worker
2025-03-08 02:42:13,435 INFO /usr/local/bin/bench build --app hrms
2025-03-08 02:42:57,495 INFO /usr/local/bin/bench start
2025-03-08 02:42:57,706 INFO /usr/local/bin/bench worker
2025-03-08 02:42:57,717 INFO /usr/local/bin/bench watch
2025-03-08 02:42:57,721 INFO /usr/local/bin/bench serve --port 8000
2025-03-08 02:42:57,725 INFO /usr/local/bin/bench schedule
2025-03-08 02:53:06,183 INFO /usr/local/bin/bench build --app hrms
2025-03-08 02:53:36,240 INFO /usr/local/bin/bench start
2025-03-08 02:53:36,479 INFO /usr/local/bin/bench serve --port 8000
2025-03-08 02:53:36,479 INFO /usr/local/bin/bench watch
2025-03-08 02:53:36,484 INFO /usr/local/bin/bench schedule
2025-03-08 02:53:36,498 INFO /usr/local/bin/bench worker
2025-03-08 03:05:04,673 INFO /usr/local/bin/bench build --no-updates
2025-03-08 03:05:08,209 INFO /usr/local/bin/bench build --no-update
2025-03-08 03:05:21,357 INFO /usr/local/bin/bench build --no-update
2025-03-08 03:05:47,774 INFO /usr/local/bin/bench build --help
2025-03-08 03:06:21,215 INFO /usr/local/bin/bench build --app hrms
2025-03-08 04:57:34,559 INFO /usr/local/bin/bench start
2025-03-08 04:57:34,797 INFO /usr/local/bin/bench watch
2025-03-08 04:57:34,798 INFO /usr/local/bin/bench serve --port 8000
2025-03-08 04:57:34,807 INFO /usr/local/bin/bench schedule
2025-03-08 04:57:34,808 INFO /usr/local/bin/bench worker
2025-03-08 23:31:06,808 INFO /usr/local/bin/bench start
2025-03-08 23:31:07,041 INFO /usr/local/bin/bench serve --port 8000
2025-03-08 23:31:07,041 INFO /usr/local/bin/bench worker
2025-03-08 23:31:07,042 INFO /usr/local/bin/bench schedule
2025-03-08 23:31:07,045 INFO /usr/local/bin/bench watch
2025-03-09 05:37:56,689 INFO /usr/local/bin/bench start
2025-03-09 05:37:56,862 INFO /usr/local/bin/bench schedule
2025-03-09 05:37:56,867 INFO /usr/local/bin/bench watch
2025-03-09 05:37:56,867 INFO /usr/local/bin/bench serve --port 8000
2025-03-09 05:37:56,876 INFO /usr/local/bin/bench worker
2025-03-09 06:11:44,000 INFO /usr/local/bin/bench start
2025-03-09 06:11:44,152 INFO /usr/local/bin/bench serve --port 8000
2025-03-09 06:11:44,163 INFO /usr/local/bin/bench worker
2025-03-09 06:11:44,167 INFO /usr/local/bin/bench watch
2025-03-09 06:11:44,173 INFO /usr/local/bin/bench schedule
2025-03-09 06:28:37,140 INFO /usr/local/bin/bench start
2025-03-09 06:28:37,307 INFO /usr/local/bin/bench serve --port 8000
2025-03-09 06:28:37,309 INFO /usr/local/bin/bench watch
2025-03-09 06:28:37,310 INFO /usr/local/bin/bench worker
2025-03-09 06:28:37,312 INFO /usr/local/bin/bench schedule
2025-03-09 23:27:42,007 INFO /usr/local/bin/bench start
2025-03-09 23:27:42,206 INFO /usr/local/bin/bench schedule
2025-03-09 23:27:42,210 INFO /usr/local/bin/bench watch
2025-03-09 23:27:42,223 INFO /usr/local/bin/bench serve --port 8000
2025-03-09 23:27:42,240 INFO /usr/local/bin/bench worker
2025-03-10 05:18:58,873 INFO /usr/local/bin/bench start
2025-03-10 05:18:59,036 INFO /usr/local/bin/bench schedule
2025-03-10 05:18:59,050 INFO /usr/local/bin/bench watch
2025-03-10 05:18:59,053 INFO /usr/local/bin/bench worker
2025-03-10 05:18:59,056 INFO /usr/local/bin/bench serve --port 8000
2025-03-10 05:45:19,621 INFO /usr/local/bin/bench start
2025-03-10 05:45:19,829 INFO /usr/local/bin/bench serve --port 8000
2025-03-10 05:45:19,835 INFO /usr/local/bin/bench schedule
2025-03-10 05:45:19,844 INFO /usr/local/bin/bench watch
2025-03-10 05:45:19,845 INFO /usr/local/bin/bench worker
2025-03-10 06:47:44,355 INFO /usr/local/bin/bench start
2025-03-10 06:47:44,562 INFO /usr/local/bin/bench serve --port 8000
2025-03-10 06:47:44,566 INFO /usr/local/bin/bench watch
2025-03-10 06:47:44,569 INFO /usr/local/bin/bench schedule
2025-03-10 06:47:44,574 INFO /usr/local/bin/bench worker
2025-03-11 01:55:08,296 INFO /usr/local/bin/bench start
2025-03-11 01:55:08,532 INFO /usr/local/bin/bench serve --port 8000
2025-03-11 01:55:08,533 INFO /usr/local/bin/bench worker
2025-03-11 01:55:08,545 INFO /usr/local/bin/bench watch
2025-03-11 01:55:08,549 INFO /usr/local/bin/bench schedule
2025-03-11 02:22:05,605 INFO /usr/local/bin/bench --site hrpu.localhost migrate
2025-03-11 02:22:21,539 INFO /usr/local/bin/bench --site HRPU.localhost migrate
2025-03-11 02:22:42,959 INFO /usr/local/bin/bench start
2025-03-11 02:22:43,209 INFO /usr/local/bin/bench watch
2025-03-11 02:22:43,210 INFO /usr/local/bin/bench schedule
2025-03-11 02:22:43,212 INFO /usr/local/bin/bench worker
2025-03-11 02:22:43,213 INFO /usr/local/bin/bench serve --port 8000
2025-03-11 02:22:48,226 INFO /usr/local/bin/bench --site HRPU.localhost migrate
2025-03-11 03:48:47,380 INFO /usr/local/bin/bench start
2025-03-11 06:42:34,377 INFO /usr/local/bin/bench start
2025-03-11 06:42:34,594 INFO /usr/local/bin/bench serve --port 8000
2025-03-11 06:42:34,595 INFO /usr/local/bin/bench watch
2025-03-11 06:42:34,608 INFO /usr/local/bin/bench schedule
2025-03-11 06:42:34,613 INFO /usr/local/bin/bench worker
2025-03-12 00:58:55,139 INFO /usr/local/bin/bench start
2025-03-12 00:58:55,361 INFO /usr/local/bin/bench watch
2025-03-12 00:58:55,369 INFO /usr/local/bin/bench serve --port 8000
2025-03-12 00:58:55,375 INFO /usr/local/bin/bench schedule
2025-03-12 00:58:55,378 INFO /usr/local/bin/bench worker
2025-03-12 01:41:44,939 INFO /usr/local/bin/bench start
2025-03-12 01:49:04,443 INFO /usr/local/bin/bench start
2025-03-12 01:49:42,339 INFO /usr/local/bin/bench start
2025-03-12 01:49:42,514 INFO /usr/local/bin/bench schedule
2025-03-12 01:49:42,517 INFO /usr/local/bin/bench watch
2025-03-12 01:49:42,523 INFO /usr/local/bin/bench serve --port 8000
2025-03-12 01:49:42,543 INFO /usr/local/bin/bench worker
2025-03-12 02:23:00,002 INFO /usr/local/bin/bench --site HRPU.localhost execute frappe.get_all --args ("Employee",{"fields":["name","employee_name"]})
2025-03-12 02:24:30,946 INFO /usr/local/bin/bench --site HRP.localhost execute frappe.get_all --args ("Employee",{"fields":["name","employee_name"]})
2025-03-12 02:56:57,533 INFO /usr/local/bin/bench start
2025-03-12 02:56:57,816 INFO /usr/local/bin/bench schedule
2025-03-12 02:56:57,822 INFO /usr/local/bin/bench serve --port 8000
2025-03-12 02:56:57,823 INFO /usr/local/bin/bench watch
2025-03-12 02:56:57,825 INFO /usr/local/bin/bench worker
2025-03-12 03:12:46,069 INFO /usr/local/bin/bench start
2025-03-12 03:12:46,316 INFO /usr/local/bin/bench serve --port 8000
2025-03-12 03:12:46,319 INFO /usr/local/bin/bench schedule
2025-03-12 03:12:46,319 INFO /usr/local/bin/bench worker
2025-03-12 03:12:46,326 INFO /usr/local/bin/bench watch
2025-03-12 03:46:49,206 INFO /usr/local/bin/bench start
2025-03-12 03:46:49,520 INFO /usr/local/bin/bench serve --port 8000
2025-03-12 03:46:49,522 INFO /usr/local/bin/bench schedule
2025-03-12 03:46:49,542 INFO /usr/local/bin/bench watch
2025-03-12 03:46:49,543 INFO /usr/local/bin/bench worker
2025-03-12 05:27:31,781 INFO /usr/local/bin/bench start
2025-03-12 05:27:32,022 INFO /usr/local/bin/bench watch
2025-03-12 05:27:32,024 INFO /usr/local/bin/bench serve --port 8000
2025-03-12 05:27:32,027 INFO /usr/local/bin/bench schedule
2025-03-12 05:27:32,034 INFO /usr/local/bin/bench worker
2025-03-12 06:23:08,628 INFO /usr/local/bin/bench server --port 8000 --allow-cors
2025-03-12 06:24:39,067 INFO /usr/local/bin/bench serve --port 8000 --allow-cors
2025-03-12 06:28:34,650 INFO /usr/local/bin/bench serve --port 8000
2025-03-12 06:43:12,534 INFO /usr/local/bin/bench serve --port 8000 --allow-cors
2025-03-12 06:52:40,177 INFO /usr/local/bin/bench serve --help
2025-03-12 06:52:51,366 INFO /usr/local/bin/bench serve --port 8000
2025-03-12 06:53:44,347 INFO /usr/local/bin/bench serve --port 8000
2025-03-13 00:24:11,855 INFO /usr/local/bin/bench start
2025-03-13 00:24:12,160 INFO /usr/local/bin/bench serve --port 8000
2025-03-13 00:24:12,168 INFO /usr/local/bin/bench watch
2025-03-13 00:24:12,178 INFO /usr/local/bin/bench schedule
2025-03-13 00:24:12,185 INFO /usr/local/bin/bench worker
2025-03-13 01:34:46,281 INFO /usr/local/bin/bench start
2025-03-13 01:34:46,464 INFO /usr/local/bin/bench schedule
2025-03-13 01:34:46,466 INFO /usr/local/bin/bench serve --port 8000
2025-03-13 01:34:46,473 INFO /usr/local/bin/bench watch
2025-03-13 01:34:46,478 INFO /usr/local/bin/bench worker
2025-03-13 01:38:55,360 INFO /usr/local/bin/bench start
2025-03-13 01:38:55,543 INFO /usr/local/bin/bench serve --port 8000
2025-03-13 01:38:55,546 INFO /usr/local/bin/bench watch
2025-03-13 01:38:55,554 INFO /usr/local/bin/bench worker
2025-03-13 01:38:55,559 INFO /usr/local/bin/bench schedule
2025-03-13 01:39:44,712 INFO /usr/local/bin/bench start
2025-03-13 01:40:46,317 INFO /usr/local/bin/bench start
2025-03-13 01:40:46,511 INFO /usr/local/bin/bench worker
2025-03-13 01:40:46,522 INFO /usr/local/bin/bench serve --port 8000
2025-03-13 01:40:46,529 INFO /usr/local/bin/bench schedule
2025-03-13 01:40:46,533 INFO /usr/local/bin/bench watch
2025-03-13 01:45:37,236 INFO /usr/local/bin/bench start
2025-03-13 01:45:37,398 INFO /usr/local/bin/bench worker
2025-03-13 01:45:37,408 INFO /usr/local/bin/bench watch
2025-03-13 01:45:37,408 INFO /usr/local/bin/bench serve --port 8000
2025-03-13 01:45:37,408 INFO /usr/local/bin/bench schedule
2025-03-13 02:17:40,668 INFO /usr/local/bin/bench clear-cache
2025-03-13 02:17:43,888 INFO /usr/local/bin/bench start
2025-03-13 02:17:44,051 INFO /usr/local/bin/bench serve --port 8000
2025-03-13 02:17:44,053 INFO /usr/local/bin/bench watch
2025-03-13 02:17:44,056 INFO /usr/local/bin/bench schedule
2025-03-13 02:17:44,078 INFO /usr/local/bin/bench worker
2025-03-13 02:36:32,547 INFO /usr/local/bin/bench start
2025-03-13 02:36:32,732 INFO /usr/local/bin/bench serve --port 8000
2025-03-13 02:36:32,737 INFO /usr/local/bin/bench worker
2025-03-13 02:36:32,749 INFO /usr/local/bin/bench schedule
2025-03-13 02:36:32,755 INFO /usr/local/bin/bench watch
2025-03-13 03:14:06,655 INFO /usr/local/bin/bench start
2025-03-13 03:14:06,826 INFO /usr/local/bin/bench watch
2025-03-13 03:14:06,829 INFO /usr/local/bin/bench worker
2025-03-13 03:14:06,833 INFO /usr/local/bin/bench schedule
2025-03-13 03:14:06,836 INFO /usr/local/bin/bench serve --port 8000
2025-03-13 03:17:31,265 INFO /usr/local/bin/bench start
2025-03-13 03:17:31,432 INFO /usr/local/bin/bench watch
2025-03-13 03:17:31,436 INFO /usr/local/bin/bench schedule
2025-03-13 03:17:31,447 INFO /usr/local/bin/bench serve --port 8000
2025-03-13 03:17:31,458 INFO /usr/local/bin/bench worker
2025-03-13 03:52:05,372 INFO /usr/local/bin/bench remote-url
2025-03-13 03:52:11,297 INFO /usr/local/bin/bench remote-urls
2025-03-13 04:07:19,815 INFO /usr/local/bin/bench remote-urls
2025-03-13 04:07:27,080 INFO /usr/local/bin/bench start
2025-03-13 04:07:27,294 INFO /usr/local/bin/bench worker
2025-03-13 04:07:27,298 INFO /usr/local/bin/bench watch
2025-03-13 04:07:27,320 INFO /usr/local/bin/bench schedule
2025-03-13 04:07:27,322 INFO /usr/local/bin/bench serve --port 8000
2025-03-13 04:12:13,507 INFO /usr/local/bin/bench start
2025-03-13 04:12:13,763 INFO /usr/local/bin/bench watch
2025-03-13 04:12:13,766 INFO /usr/local/bin/bench serve --port 8000
2025-03-13 04:12:13,779 INFO /usr/local/bin/bench schedule
2025-03-13 04:12:13,784 INFO /usr/local/bin/bench worker
2025-03-13 05:25:27,522 INFO /usr/local/bin/bench start
2025-03-13 05:25:27,744 INFO /usr/local/bin/bench serve --port 8000
2025-03-13 05:25:27,758 INFO /usr/local/bin/bench worker
2025-03-13 05:25:27,759 INFO /usr/local/bin/bench watch
2025-03-13 05:25:27,764 INFO /usr/local/bin/bench schedule
2025-03-13 05:38:22,320 INFO /usr/local/bin/bench start
2025-03-13 05:38:22,493 INFO /usr/local/bin/bench serve --port 8000
2025-03-13 05:38:22,504 INFO /usr/local/bin/bench schedule
2025-03-13 05:38:22,513 INFO /usr/local/bin/bench watch
2025-03-13 05:38:22,514 INFO /usr/local/bin/bench worker
2025-03-13 05:55:38,604 INFO /usr/local/bin/bench start
2025-03-13 05:55:38,766 INFO /usr/local/bin/bench worker
2025-03-13 05:55:38,768 INFO /usr/local/bin/bench watch
2025-03-13 05:55:38,773 INFO /usr/local/bin/bench schedule
2025-03-13 05:55:38,782 INFO /usr/local/bin/bench serve --port 8000
2025-03-13 06:29:17,394 INFO /usr/local/bin/bench start
2025-03-13 06:29:17,581 INFO /usr/local/bin/bench watch
2025-03-13 06:29:17,585 INFO /usr/local/bin/bench schedule
2025-03-13 06:29:17,586 INFO /usr/local/bin/bench serve --port 8000
2025-03-13 06:29:17,594 INFO /usr/local/bin/bench worker
2025-03-13 23:43:58,138 INFO /usr/local/bin/bench start
2025-03-13 23:43:58,378 INFO /usr/local/bin/bench watch
2025-03-13 23:43:58,383 INFO /usr/local/bin/bench schedule
2025-03-13 23:43:58,386 INFO /usr/local/bin/bench worker
2025-03-13 23:43:58,396 INFO /usr/local/bin/bench serve --port 8000
2025-03-13 23:56:05,849 INFO /usr/local/bin/bench start
2025-03-13 23:56:06,075 INFO /usr/local/bin/bench worker
2025-03-13 23:56:06,076 INFO /usr/local/bin/bench schedule
2025-03-13 23:56:06,078 INFO /usr/local/bin/bench serve --port 8000
2025-03-13 23:56:06,083 INFO /usr/local/bin/bench watch
2025-03-13 23:56:24,060 INFO /usr/local/bin/bench start
2025-03-13 23:56:24,288 INFO /usr/local/bin/bench watch
2025-03-13 23:56:24,295 INFO /usr/local/bin/bench schedule
2025-03-13 23:56:24,303 INFO /usr/local/bin/bench worker
2025-03-13 23:56:24,304 INFO /usr/local/bin/bench serve --port 8000
2025-03-13 23:56:52,504 INFO /usr/local/bin/bench start
2025-03-13 23:56:52,690 INFO /usr/local/bin/bench watch
2025-03-13 23:56:52,693 INFO /usr/local/bin/bench schedule
2025-03-13 23:56:52,704 INFO /usr/local/bin/bench worker
2025-03-13 23:56:52,705 INFO /usr/local/bin/bench serve --port 8000
2025-03-13 23:58:13,399 INFO /usr/local/bin/bench start
2025-03-13 23:58:13,567 INFO /usr/local/bin/bench serve --port 8000
2025-03-13 23:58:13,578 INFO /usr/local/bin/bench schedule
2025-03-13 23:58:13,581 INFO /usr/local/bin/bench watch
2025-03-13 23:58:13,581 INFO /usr/local/bin/bench worker
2025-03-13 23:59:04,555 INFO /usr/local/bin/bench start
2025-03-13 23:59:04,729 INFO /usr/local/bin/bench worker
2025-03-13 23:59:04,738 INFO /usr/local/bin/bench serve --port 8000
2025-03-13 23:59:04,741 INFO /usr/local/bin/bench watch
2025-03-13 23:59:04,745 INFO /usr/local/bin/bench schedule
2025-03-13 23:59:19,255 INFO /usr/local/bin/bench start
2025-03-13 23:59:19,426 INFO /usr/local/bin/bench watch
2025-03-13 23:59:19,430 INFO /usr/local/bin/bench worker
2025-03-13 23:59:19,433 INFO /usr/local/bin/bench schedule
2025-03-13 23:59:19,443 INFO /usr/local/bin/bench serve --port 8000
2025-03-14 00:00:21,734 INFO /usr/local/bin/bench start
2025-03-14 00:00:21,906 INFO /usr/local/bin/bench worker
2025-03-14 00:00:21,916 INFO /usr/local/bin/bench watch
2025-03-14 00:00:21,918 INFO /usr/local/bin/bench schedule
2025-03-14 00:00:21,920 INFO /usr/local/bin/bench serve --port 8000
2025-03-14 00:01:07,583 INFO /usr/local/bin/bench start
2025-03-14 00:01:07,753 INFO /usr/local/bin/bench serve --port 8000
2025-03-14 00:01:07,766 INFO /usr/local/bin/bench watch
2025-03-14 00:01:07,768 INFO /usr/local/bin/bench worker
2025-03-14 00:01:07,780 INFO /usr/local/bin/bench schedule
2025-03-14 00:01:15,329 INFO /usr/local/bin/bench start
2025-03-14 00:01:15,499 INFO /usr/local/bin/bench watch
2025-03-14 00:01:15,508 INFO /usr/local/bin/bench serve --port 8000
2025-03-14 00:01:15,514 INFO /usr/local/bin/bench worker
2025-03-14 00:01:15,525 INFO /usr/local/bin/bench schedule
2025-03-14 00:01:22,328 INFO /usr/local/bin/bench start
2025-03-14 00:01:22,509 INFO /usr/local/bin/bench serve --port 8000
2025-03-14 00:01:22,516 INFO /usr/local/bin/bench schedule
2025-03-14 00:01:22,526 INFO /usr/local/bin/bench worker
2025-03-14 00:01:22,532 INFO /usr/local/bin/bench watch
2025-03-14 00:01:26,611 INFO /usr/local/bin/bench start
2025-03-14 00:01:26,784 INFO /usr/local/bin/bench serve --port 8000
2025-03-14 00:01:26,790 INFO /usr/local/bin/bench watch
2025-03-14 00:01:26,794 INFO /usr/local/bin/bench schedule
2025-03-14 00:01:26,809 INFO /usr/local/bin/bench worker
2025-03-14 00:01:31,031 INFO /usr/local/bin/bench start
2025-03-14 00:01:31,202 INFO /usr/local/bin/bench worker
2025-03-14 00:01:31,203 INFO /usr/local/bin/bench schedule
2025-03-14 00:01:31,205 INFO /usr/local/bin/bench watch
2025-03-14 00:01:31,207 INFO /usr/local/bin/bench serve --port 8000
2025-03-14 00:01:55,916 INFO /usr/local/bin/bench start
2025-03-14 00:01:56,116 INFO /usr/local/bin/bench serve --port 8000
2025-03-14 00:01:56,118 INFO /usr/local/bin/bench watch
2025-03-14 00:01:56,119 INFO /usr/local/bin/bench schedule
2025-03-14 00:01:56,129 INFO /usr/local/bin/bench worker
2025-03-14 00:02:08,057 INFO /usr/local/bin/bench start
2025-03-14 00:02:08,262 INFO /usr/local/bin/bench watch
2025-03-14 00:02:08,265 INFO /usr/local/bin/bench serve --port 8000
2025-03-14 00:02:08,281 INFO /usr/local/bin/bench schedule
2025-03-14 00:02:08,282 INFO /usr/local/bin/bench worker
2025-03-14 00:02:14,594 INFO /usr/local/bin/bench start
2025-03-14 00:02:14,762 INFO /usr/local/bin/bench serve --port 8000
2025-03-14 00:02:14,766 INFO /usr/local/bin/bench schedule
2025-03-14 00:02:14,768 INFO /usr/local/bin/bench worker
2025-03-14 00:02:14,771 INFO /usr/local/bin/bench watch
2025-03-14 00:02:51,509 INFO /usr/local/bin/bench start
2025-03-14 00:02:51,707 INFO /usr/local/bin/bench schedule
2025-03-14 00:02:51,716 INFO /usr/local/bin/bench watch
2025-03-14 00:02:51,716 INFO /usr/local/bin/bench serve --port 8000
2025-03-14 00:02:51,721 INFO /usr/local/bin/bench worker
2025-03-14 00:03:28,724 INFO /usr/local/bin/bench start
2025-03-14 00:03:28,899 INFO /usr/local/bin/bench serve --port 8000
2025-03-14 00:03:28,906 INFO /usr/local/bin/bench watch
2025-03-14 00:03:28,908 INFO /usr/local/bin/bench worker
2025-03-14 00:03:28,914 INFO /usr/local/bin/bench schedule
2025-03-14 00:09:58,595 INFO /usr/local/bin/bench build
2025-03-14 00:10:11,810 INFO /usr/local/bin/bench migrate
2025-03-14 00:10:20,655 INFO /usr/local/bin/bench start
2025-03-14 00:10:20,837 INFO /usr/local/bin/bench schedule
2025-03-14 00:10:20,838 INFO /usr/local/bin/bench serve --port 8000
2025-03-14 00:10:20,851 INFO /usr/local/bin/bench watch
2025-03-14 00:10:20,856 INFO /usr/local/bin/bench worker
2025-03-14 00:10:33,236 INFO /usr/local/bin/bench migrate
2025-03-14 00:10:53,664 INFO /usr/local/bin/bench build
2025-03-14 00:25:55,551 INFO /usr/local/bin/bench build
2025-03-14 00:52:41,545 INFO /usr/local/bin/bench start
2025-03-14 00:52:41,803 INFO /usr/local/bin/bench watch
2025-03-14 00:52:41,807 INFO /usr/local/bin/bench schedule
2025-03-14 00:52:41,812 INFO /usr/local/bin/bench serve --port 8000
2025-03-14 00:52:41,819 INFO /usr/local/bin/bench worker
2025-03-14 01:25:42,649 INFO /usr/local/bin/bench restart
2025-03-14 01:25:42,925 WARNING restart failed: Couldn't find supervisorctl in PATH
2025-03-14 01:34:59,794 INFO /usr/local/bin/bench restart
2025-03-14 01:34:59,940 DEBUG cd /home/macro/Frappe/frappe-bench && supervisorctl restart frappe:
2025-03-14 01:35:00,099 WARNING cd /home/macro/Frappe/frappe-bench && supervisorctl restart frappe: executed with exit code 2
2025-03-14 01:35:00,099 WARNING /usr/local/bin/bench restart executed with exit code 1
2025-03-14 01:35:10,994 INFO /usr/local/bin/bench start
2025-03-14 01:35:11,219 INFO /usr/local/bin/bench serve --port 8000
2025-03-14 01:35:11,223 INFO /usr/local/bin/bench schedule
2025-03-14 01:35:11,231 INFO /usr/local/bin/bench watch
2025-03-14 01:35:11,240 INFO /usr/local/bin/bench worker
2025-03-14 01:35:24,032 INFO /usr/local/bin/bench start
2025-03-14 01:35:29,218 INFO /usr/local/bin/bench restart
2025-03-14 01:35:29,375 DEBUG cd /home/macro/Frappe/frappe-bench && supervisorctl restart frappe:
2025-03-14 01:35:29,491 WARNING cd /home/macro/Frappe/frappe-bench && supervisorctl restart frappe: executed with exit code 2
2025-03-14 01:35:29,491 WARNING /usr/local/bin/bench restart executed with exit code 1
2025-03-14 01:35:47,383 INFO /usr/local/bin/bench restart
2025-03-14 01:35:47,502 DEBUG cd /home/macro/Frappe/frappe-bench && supervisorctl restart frappe:
2025-03-14 01:35:47,608 WARNING cd /home/macro/Frappe/frappe-bench && supervisorctl restart frappe: executed with exit code 7
2025-03-14 01:35:47,608 WARNING /usr/local/bin/bench restart executed with exit code 1
2025-03-14 01:35:55,264 INFO /usr/local/bin/bench restart
2025-03-14 01:35:55,374 DEBUG cd /home/macro/Frappe/frappe-bench && supervisorctl restart frappe:
2025-03-14 01:35:55,480 WARNING cd /home/macro/Frappe/frappe-bench && supervisorctl restart frappe: executed with exit code 7
2025-03-14 01:35:55,481 WARNING /usr/local/bin/bench restart executed with exit code 1
2025-03-14 01:38:00,206 INFO /usr/local/bin/bench restart
2025-03-14 01:38:00,349 DEBUG cd /home/macro/Frappe/frappe-bench && supervisorctl restart frappe:
2025-03-14 01:38:00,474 WARNING cd /home/macro/Frappe/frappe-bench && supervisorctl restart frappe: executed with exit code 7
2025-03-14 01:38:00,474 WARNING /usr/local/bin/bench restart executed with exit code 1
2025-03-14 01:38:08,087 INFO /usr/local/bin/bench restart
2025-03-14 01:38:08,209 DEBUG cd /home/macro/Frappe/frappe-bench && supervisorctl restart frappe:
2025-03-14 01:38:08,325 WARNING cd /home/macro/Frappe/frappe-bench && supervisorctl restart frappe: executed with exit code 7
2025-03-14 01:38:08,325 WARNING /usr/local/bin/bench restart executed with exit code 1
2025-03-14 01:39:10,996 INFO /usr/local/bin/bench setup socketio
2025-03-14 01:39:21,552 INFO /usr/local/bin/bench setup socketio
2025-03-14 01:39:57,720 INFO /usr/local/bin/bench setup supervisor
2025-03-14 01:40:50,375 INFO /usr/local/bin/bench restart
2025-03-14 01:40:50,513 DEBUG cd /home/macro/Frappe/frappe-bench && supervisorctl restart frappe:
2025-03-14 01:40:50,648 WARNING cd /home/macro/Frappe/frappe-bench && supervisorctl restart frappe: executed with exit code 7
2025-03-14 01:40:50,648 WARNING /usr/local/bin/bench restart executed with exit code 1
2025-03-14 01:40:55,214 INFO /usr/local/bin/bench setup supervisor
2025-03-14 01:41:02,523 WARNING /usr/local/bin/bench setup supervisor executed with exit code 1
2025-03-14 01:41:09,460 INFO /usr/local/bin/bench setup socketio
2025-03-14 01:41:19,115 INFO /usr/local/bin/bench setup redis
2025-03-14 01:42:17,949 INFO /usr/local/bin/bench restart
2025-03-14 01:42:18,057 DEBUG cd /home/macro/Frappe/frappe-bench && supervisorctl restart frappe:
2025-03-14 01:42:18,160 WARNING cd /home/macro/Frappe/frappe-bench && supervisorctl restart frappe: executed with exit code 7
2025-03-14 01:42:18,161 WARNING /usr/local/bin/bench restart executed with exit code 1
2025-03-14 01:42:34,857 INFO /usr/local/bin/bench restart
2025-03-14 01:42:34,960 DEBUG cd /home/macro/Frappe/frappe-bench && supervisorctl restart frappe:
2025-03-14 01:42:35,071 WARNING cd /home/macro/Frappe/frappe-bench && supervisorctl restart frappe: executed with exit code 7
2025-03-14 01:42:35,072 WARNING /usr/local/bin/bench restart executed with exit code 1
2025-03-14 01:43:17,600 INFO /usr/local/bin/bench setup socketio
2025-03-14 01:43:25,688 INFO /usr/local/bin/bench setup supervisor
2025-03-14 01:43:31,345 INFO /usr/local/bin/bench setup socketio
2025-03-14 01:43:39,852 INFO /usr/local/bin/bench setup redis
2025-03-14 01:43:56,758 INFO /usr/local/bin/bench restart
2025-03-14 01:43:56,866 DEBUG cd /home/macro/Frappe/frappe-bench && supervisorctl restart frappe:
2025-03-14 01:43:56,970 WARNING cd /home/macro/Frappe/frappe-bench && supervisorctl restart frappe: executed with exit code 7
2025-03-14 01:43:56,970 WARNING /usr/local/bin/bench restart executed with exit code 1
2025-03-14 01:44:39,496 INFO /usr/local/bin/bench setup supervisor
2025-03-14 01:44:45,702 INFO /usr/local/bin/bench restart
2025-03-14 01:44:45,803 DEBUG cd /home/macro/Frappe/frappe-bench && supervisorctl restart frappe:
2025-03-14 01:44:45,907 WARNING cd /home/macro/Frappe/frappe-bench && supervisorctl restart frappe: executed with exit code 7
2025-03-14 01:44:45,907 WARNING /usr/local/bin/bench restart executed with exit code 1
2025-03-14 01:45:59,438 INFO /usr/local/bin/bench setup supervisor
2025-03-14 01:46:06,347 WARNING /usr/local/bin/bench setup supervisor executed with exit code 1
2025-03-14 01:46:10,869 INFO /usr/local/bin/bench setup supervisor
2025-03-14 01:46:11,041 WARNING /usr/local/bin/bench setup supervisor executed with exit code 1
2025-03-14 01:46:13,602 INFO /usr/local/bin/bench setup supervisor
2025-03-14 01:46:26,653 INFO /usr/local/bin/bench restart
2025-03-14 01:46:26,754 DEBUG cd /home/macro/Frappe/frappe-bench && supervisorctl restart frappe:
2025-03-14 01:46:26,852 WARNING cd /home/macro/Frappe/frappe-bench && supervisorctl restart frappe: executed with exit code 7
2025-03-14 01:46:26,852 WARNING /usr/local/bin/bench restart executed with exit code 1
2025-03-14 01:49:01,294 INFO /usr/local/bin/bench restart
2025-03-14 01:49:01,405 DEBUG cd /home/macro/Frappe/frappe-bench && supervisorctl restart frappe:
2025-03-14 01:49:01,508 WARNING cd /home/macro/Frappe/frappe-bench && supervisorctl restart frappe: executed with exit code 7
2025-03-14 01:49:01,509 WARNING /usr/local/bin/bench restart executed with exit code 1
2025-03-14 01:49:40,715 INFO /usr/local/bin/bench restart
2025-03-14 01:49:40,824 DEBUG cd /home/macro/Frappe/frappe-bench && supervisorctl restart frappe:
2025-03-14 01:49:40,920 WARNING cd /home/macro/Frappe/frappe-bench && supervisorctl restart frappe: executed with exit code 7
2025-03-14 01:49:40,920 WARNING /usr/local/bin/bench restart executed with exit code 1
2025-03-14 01:49:47,774 INFO /usr/local/bin/bench restart
2025-03-14 01:49:47,876 DEBUG cd /home/macro/Frappe/frappe-bench && supervisorctl restart frappe:
2025-03-14 01:49:47,975 WARNING cd /home/macro/Frappe/frappe-bench && supervisorctl restart frappe: executed with exit code 7
2025-03-14 01:49:47,975 WARNING /usr/local/bin/bench restart executed with exit code 1
2025-03-14 01:50:19,867 INFO /usr/local/bin/bench start
2025-03-14 01:50:20,035 INFO /usr/local/bin/bench serve --port 8000
2025-03-14 01:50:20,036 INFO /usr/local/bin/bench schedule
2025-03-14 01:50:20,046 INFO /usr/local/bin/bench worker
2025-03-14 01:50:20,052 INFO /usr/local/bin/bench watch
2025-03-14 01:51:50,268 INFO /usr/local/bin/bench restart
2025-03-14 01:51:50,417 DEBUG cd /home/macro/Frappe/frappe-bench && supervisorctl restart frappe:
2025-03-14 01:51:50,545 WARNING cd /home/macro/Frappe/frappe-bench && supervisorctl restart frappe: executed with exit code 7
2025-03-14 01:51:50,546 WARNING /usr/local/bin/bench restart executed with exit code 1
2025-03-14 02:06:12,685 INFO /usr/local/bin/bench restart
2025-03-14 02:06:12,812 DEBUG cd /home/macro/Frappe/frappe-bench && supervisorctl restart frappe:
2025-03-14 02:06:12,928 WARNING cd /home/macro/Frappe/frappe-bench && supervisorctl restart frappe: executed with exit code 7
2025-03-14 02:06:12,928 WARNING /usr/local/bin/bench restart executed with exit code 1
2025-03-14 02:06:18,783 INFO /usr/local/bin/bench start
2025-03-14 02:06:18,980 INFO /usr/local/bin/bench serve --port 8000
2025-03-14 02:06:18,980 INFO /usr/local/bin/bench watch
2025-03-14 02:06:18,985 INFO /usr/local/bin/bench worker
2025-03-14 02:06:18,992 INFO /usr/local/bin/bench schedule
2025-03-14 02:07:13,798 INFO /usr/local/bin/bench restart
2025-03-14 02:07:13,900 DEBUG cd /home/macro/Frappe/frappe-bench && supervisorctl restart frappe:
2025-03-14 02:07:13,999 WARNING cd /home/macro/Frappe/frappe-bench && supervisorctl restart frappe: executed with exit code 7
2025-03-14 02:07:14,000 WARNING /usr/local/bin/bench restart executed with exit code 1
2025-03-14 02:10:13,422 INFO /usr/local/bin/bench restart
2025-03-14 02:10:13,525 DEBUG cd /home/macro/Frappe/frappe-bench && supervisorctl restart frappe:
2025-03-14 02:10:13,635 WARNING cd /home/macro/Frappe/frappe-bench && supervisorctl restart frappe: executed with exit code 7
2025-03-14 02:10:13,635 WARNING /usr/local/bin/bench restart executed with exit code 1
2025-03-14 02:10:31,334 INFO /usr/local/bin/bench restart
2025-03-14 02:10:31,438 DEBUG cd /home/macro/Frappe/frappe-bench && supervisorctl restart frappe:
2025-03-14 02:10:31,549 WARNING cd /home/macro/Frappe/frappe-bench && supervisorctl restart frappe: executed with exit code 7
2025-03-14 02:10:31,549 WARNING /usr/local/bin/bench restart executed with exit code 1
2025-03-14 02:10:42,421 INFO /usr/local/bin/bench restart
2025-03-14 02:10:42,528 DEBUG cd /home/macro/Frappe/frappe-bench && supervisorctl restart frappe:
2025-03-14 02:10:42,641 WARNING cd /home/macro/Frappe/frappe-bench && supervisorctl restart frappe: executed with exit code 7
2025-03-14 02:10:42,641 WARNING /usr/local/bin/bench restart executed with exit code 1
2025-03-14 02:10:47,066 INFO /usr/local/bin/bench restart
2025-03-14 02:10:47,197 DEBUG cd /home/macro/Frappe/frappe-bench && supervisorctl restart frappe:
2025-03-14 02:10:47,325 WARNING cd /home/macro/Frappe/frappe-bench && supervisorctl restart frappe: executed with exit code 7
2025-03-14 02:10:47,326 WARNING /usr/local/bin/bench restart executed with exit code 1
2025-03-14 02:13:19,805 INFO /usr/local/bin/bench setup production macro
2025-03-14 02:13:19,818 DEBUG sudo /usr/bin/python3.10 -m pip install ansible
2025-03-14 02:13:47,786 WARNING /usr/local/bin/bench setup production macro executed with exit code 1
2025-03-14 02:20:16,486 INFO /usr/local/bin/bench restart
2025-03-14 02:20:16,599 DEBUG cd /home/macro/Frappe/frappe-bench && supervisorctl restart frappe:
2025-03-14 02:20:16,727 WARNING cd /home/macro/Frappe/frappe-bench && supervisorctl restart frappe: executed with exit code 2
2025-03-14 02:20:16,727 WARNING /usr/local/bin/bench restart executed with exit code 1
2025-03-14 02:20:31,451 INFO /usr/local/bin/bench restart
2025-03-14 02:20:31,556 DEBUG cd /home/macro/Frappe/frappe-bench && supervisorctl restart frappe:
2025-03-14 02:20:31,658 WARNING cd /home/macro/Frappe/frappe-bench && supervisorctl restart frappe: executed with exit code 2
2025-03-14 02:20:31,658 WARNING /usr/local/bin/bench restart executed with exit code 1
2025-03-14 02:20:44,604 INFO /usr/local/bin/bench restart
2025-03-14 02:20:44,710 DEBUG cd /home/macro/Frappe/frappe-bench && supervisorctl restart frappe:
2025-03-14 02:20:44,814 WARNING cd /home/macro/Frappe/frappe-bench && supervisorctl restart frappe: executed with exit code 2
2025-03-14 02:20:44,814 WARNING /usr/local/bin/bench restart executed with exit code 1
2025-03-14 02:20:52,910 INFO /usr/local/bin/bench restart
2025-03-14 02:20:53,016 DEBUG cd /home/macro/Frappe/frappe-bench && supervisorctl restart frappe:
2025-03-14 02:20:53,112 WARNING cd /home/macro/Frappe/frappe-bench && supervisorctl restart frappe: executed with exit code 7
2025-03-14 02:20:53,113 WARNING /usr/local/bin/bench restart executed with exit code 1
2025-03-14 02:21:39,712 INFO /usr/local/bin/bench setup socketio
2025-03-14 02:22:00,356 INFO /usr/local/bin/bench setup supervisor
2025-03-14 02:22:33,182 INFO /usr/local/bin/bench setup redis
2025-03-14 02:22:48,932 INFO /usr/local/bin/bench restart
2025-03-14 02:22:49,034 DEBUG cd /home/macro/Frappe/frappe-bench && supervisorctl restart frappe:
2025-03-14 02:22:49,135 WARNING cd /home/macro/Frappe/frappe-bench && supervisorctl restart frappe: executed with exit code 7
2025-03-14 02:22:49,136 WARNING /usr/local/bin/bench restart executed with exit code 1
2025-03-14 02:22:57,398 INFO /usr/local/bin/bench restart
2025-03-14 02:22:57,502 DEBUG cd /home/macro/Frappe/frappe-bench && supervisorctl restart frappe:
2025-03-14 02:22:57,628 WARNING cd /home/macro/Frappe/frappe-bench && supervisorctl restart frappe: executed with exit code 7
2025-03-14 02:22:57,629 WARNING /usr/local/bin/bench restart executed with exit code 1
2025-03-14 02:22:59,691 INFO /usr/local/bin/bench setup supervisor
2025-03-14 02:23:00,072 WARNING /usr/local/bin/bench setup supervisor executed with exit code 1
2025-03-14 02:23:02,239 INFO /usr/local/bin/bench restart
2025-03-14 02:23:02,338 DEBUG cd /home/macro/Frappe/frappe-bench && supervisorctl restart frappe:
2025-03-14 02:23:02,436 WARNING cd /home/macro/Frappe/frappe-bench && supervisorctl restart frappe: executed with exit code 7
2025-03-14 02:23:02,436 WARNING /usr/local/bin/bench restart executed with exit code 1
2025-03-14 02:23:08,812 INFO /usr/local/bin/bench restart
2025-03-14 02:23:08,918 DEBUG cd /home/macro/Frappe/frappe-bench && supervisorctl restart frappe:
2025-03-14 02:23:09,019 WARNING cd /home/macro/Frappe/frappe-bench && supervisorctl restart frappe: executed with exit code 7
2025-03-14 02:23:09,019 WARNING /usr/local/bin/bench restart executed with exit code 1
2025-03-14 02:27:36,251 INFO /usr/local/bin/bench restart
2025-03-14 02:27:36,360 DEBUG cd /home/macro/Frappe/frappe-bench && supervisorctl restart frappe:
2025-03-14 02:27:36,457 WARNING cd /home/macro/Frappe/frappe-bench && supervisorctl restart frappe: executed with exit code 7
2025-03-14 02:27:36,457 WARNING /usr/local/bin/bench restart executed with exit code 1
2025-03-14 02:28:07,615 INFO /usr/local/bin/bench setup production macro
2025-03-14 02:28:07,618 DEBUG sudo /usr/bin/python3.10 -m pip install ansible
2025-03-14 02:28:35,211 WARNING /usr/local/bin/bench setup production macro executed with exit code 1
2025-03-14 02:28:38,737 INFO /usr/local/bin/bench restart
2025-03-14 02:28:38,840 DEBUG cd /home/macro/Frappe/frappe-bench && supervisorctl restart frappe:
2025-03-14 02:28:38,938 WARNING cd /home/macro/Frappe/frappe-bench && supervisorctl restart frappe: executed with exit code 7
2025-03-14 02:28:38,938 WARNING /usr/local/bin/bench restart executed with exit code 1
2025-03-14 02:33:04,702 INFO /usr/local/bin/bench setup supervisor
2025-03-14 02:33:41,611 INFO /usr/local/bin/bench restart
2025-03-14 02:33:41,718 DEBUG cd /home/macro/Frappe/frappe-bench && supervisorctl restart frappe:
2025-03-14 02:33:41,820 WARNING cd /home/macro/Frappe/frappe-bench && supervisorctl restart frappe: executed with exit code 7
2025-03-14 02:33:41,821 WARNING /usr/local/bin/bench restart executed with exit code 1
2025-03-14 02:33:48,606 INFO /usr/local/bin/bench restart
2025-03-14 02:33:48,717 DEBUG cd /home/macro/Frappe/frappe-bench && supervisorctl restart frappe:
2025-03-14 02:33:48,815 WARNING cd /home/macro/Frappe/frappe-bench && supervisorctl restart frappe: executed with exit code 7
2025-03-14 02:33:48,815 WARNING /usr/local/bin/bench restart executed with exit code 1
2025-03-14 02:33:54,162 INFO /usr/local/bin/bench start
2025-03-14 02:33:54,329 INFO /usr/local/bin/bench serve --port 8000
2025-03-14 02:33:54,341 INFO /usr/local/bin/bench watch
2025-03-14 02:33:54,350 INFO /usr/local/bin/bench worker
2025-03-14 02:33:54,353 INFO /usr/local/bin/bench schedule
2025-03-14 02:46:57,005 INFO /usr/local/bin/bench start
2025-03-14 02:56:23,327 INFO /usr/local/bin/bench start
2025-03-14 02:56:23,499 INFO /usr/local/bin/bench serve --port 8000
2025-03-14 02:56:23,506 INFO /usr/local/bin/bench watch
2025-03-14 02:56:23,523 INFO /usr/local/bin/bench schedule
2025-03-14 02:56:23,529 INFO /usr/local/bin/bench worker
2025-03-14 03:10:04,753 INFO /usr/local/bin/bench start
2025-03-14 03:10:04,923 INFO /usr/local/bin/bench serve --port 8000
2025-03-14 03:10:04,931 INFO /usr/local/bin/bench schedule
2025-03-14 03:10:04,933 INFO /usr/local/bin/bench watch
2025-03-14 03:10:04,935 INFO /usr/local/bin/bench worker
2025-03-14 03:14:06,989 INFO /usr/local/bin/bench restart
2025-03-14 03:14:07,185 DEBUG cd /home/macro/Frappe/frappe-bench && supervisorctl restart frappe:
2025-03-14 03:14:07,289 WARNING cd /home/macro/Frappe/frappe-bench && supervisorctl restart frappe: executed with exit code 7
2025-03-14 03:14:07,289 WARNING /usr/local/bin/bench restart executed with exit code 1
2025-03-14 03:14:14,827 INFO /usr/local/bin/bench start
2025-03-14 03:14:15,025 INFO /usr/local/bin/bench schedule
2025-03-14 03:14:15,037 INFO /usr/local/bin/bench watch
2025-03-14 03:14:15,037 INFO /usr/local/bin/bench serve --port 8000
2025-03-14 03:14:15,040 INFO /usr/local/bin/bench worker
2025-03-14 03:24:11,332 INFO /usr/local/bin/bench restart
2025-03-14 03:24:11,477 DEBUG cd /home/macro/Frappe/frappe-bench && supervisorctl restart frappe:
2025-03-14 03:24:11,583 WARNING cd /home/macro/Frappe/frappe-bench && supervisorctl restart frappe: executed with exit code 7
2025-03-14 03:24:11,584 WARNING /usr/local/bin/bench restart executed with exit code 1
2025-03-14 03:42:02,420 INFO /usr/local/bin/bench start
2025-03-14 03:42:02,650 INFO /usr/local/bin/bench serve --port 8000
2025-03-14 03:42:02,663 INFO /usr/local/bin/bench worker
2025-03-14 03:42:02,666 INFO /usr/local/bin/bench watch
2025-03-14 03:42:02,671 INFO /usr/local/bin/bench schedule
2025-03-14 23:39:47,973 INFO /usr/local/bin/bench start
2025-03-14 23:39:48,315 INFO /usr/local/bin/bench serve --port 8000
2025-03-14 23:39:48,329 INFO /usr/local/bin/bench watch
2025-03-14 23:39:48,334 INFO /usr/local/bin/bench schedule
2025-03-14 23:39:48,337 INFO /usr/local/bin/bench worker
2025-03-14 23:47:54,517 INFO /usr/local/bin/bench start
2025-03-14 23:47:54,766 INFO /usr/local/bin/bench serve --port 8000
2025-03-14 23:47:54,770 INFO /usr/local/bin/bench worker
2025-03-14 23:47:54,771 INFO /usr/local/bin/bench schedule
2025-03-14 23:47:54,786 INFO /usr/local/bin/bench watch
2025-03-14 23:49:27,070 INFO /usr/local/bin/bench start
2025-03-14 23:49:27,318 INFO /usr/local/bin/bench serve --port 8000
2025-03-14 23:49:27,332 INFO /usr/local/bin/bench schedule
2025-03-14 23:49:27,333 INFO /usr/local/bin/bench worker
2025-03-14 23:49:27,345 INFO /usr/local/bin/bench watch
2025-03-15 00:08:05,371 INFO /usr/local/bin/bench start
2025-03-15 00:08:05,622 INFO /usr/local/bin/bench serve --port 8000
2025-03-15 00:08:05,625 INFO /usr/local/bin/bench watch
2025-03-15 00:08:05,633 INFO /usr/local/bin/bench worker
2025-03-15 00:08:05,633 INFO /usr/local/bin/bench schedule
2025-03-15 01:15:20,461 INFO /usr/local/bin/bench start
2025-03-15 01:15:20,778 INFO /usr/local/bin/bench schedule
2025-03-15 01:15:20,782 INFO /usr/local/bin/bench watch
2025-03-15 01:15:20,782 INFO /usr/local/bin/bench worker
2025-03-15 01:15:20,783 INFO /usr/local/bin/bench serve --port 8000
2025-03-15 01:26:57,085 INFO /usr/local/bin/bench start
2025-03-15 01:26:57,324 INFO /usr/local/bin/bench serve --port 8000
2025-03-15 01:26:57,330 INFO /usr/local/bin/bench worker
2025-03-15 01:26:57,335 INFO /usr/local/bin/bench watch
2025-03-15 01:26:57,339 INFO /usr/local/bin/bench schedule
2025-03-15 01:32:16,336 INFO /usr/local/bin/bench start
2025-03-15 01:32:16,517 INFO /usr/local/bin/bench serve --port 8000
2025-03-15 01:32:16,518 INFO /usr/local/bin/bench schedule
2025-03-15 01:32:16,523 INFO /usr/local/bin/bench watch
2025-03-15 01:32:16,530 INFO /usr/local/bin/bench worker
2025-03-15 01:43:48,300 INFO /usr/local/bin/bench start
2025-03-15 01:43:48,508 INFO /usr/local/bin/bench schedule
2025-03-15 01:43:48,513 INFO /usr/local/bin/bench serve --port 8000
2025-03-15 01:43:48,516 INFO /usr/local/bin/bench worker
2025-03-15 01:43:48,521 INFO /usr/local/bin/bench watch
2025-03-15 02:04:06,640 INFO /usr/local/bin/bench start
2025-03-15 02:04:06,853 INFO /usr/local/bin/bench serve --port 8000
2025-03-15 02:04:06,856 INFO /usr/local/bin/bench watch
2025-03-15 02:04:06,857 INFO /usr/local/bin/bench schedule
2025-03-15 02:04:06,861 INFO /usr/local/bin/bench worker
2025-03-15 02:12:50,358 INFO /usr/local/bin/bench start
2025-03-15 02:12:50,540 INFO /usr/local/bin/bench watch
2025-03-15 02:12:50,547 INFO /usr/local/bin/bench schedule
2025-03-15 02:12:50,550 INFO /usr/local/bin/bench worker
2025-03-15 02:12:50,552 INFO /usr/local/bin/bench serve --port 8000
2025-03-15 02:35:56,397 INFO /usr/local/bin/bench start
2025-03-15 02:35:56,627 INFO /usr/local/bin/bench serve --port 8000
2025-03-15 02:35:56,627 INFO /usr/local/bin/bench worker
2025-03-15 02:35:56,629 INFO /usr/local/bin/bench watch
2025-03-15 02:35:56,645 INFO /usr/local/bin/bench schedule
2025-03-15 02:47:28,408 INFO /usr/local/bin/bench restart
2025-03-15 02:47:28,663 DEBUG cd /home/macro/Frappe/frappe-bench && supervisorctl restart frappe:
2025-03-15 02:47:28,793 WARNING cd /home/macro/Frappe/frappe-bench && supervisorctl restart frappe: executed with exit code 7
2025-03-15 02:47:28,793 WARNING /usr/local/bin/bench restart executed with exit code 1
2025-03-15 02:47:34,863 INFO /usr/local/bin/bench start
2025-03-15 02:47:35,106 INFO /usr/local/bin/bench serve --port 8000
2025-03-15 02:47:35,106 INFO /usr/local/bin/bench schedule
2025-03-15 02:47:35,107 INFO /usr/local/bin/bench watch
2025-03-15 02:47:35,111 INFO /usr/local/bin/bench worker
2025-03-15 02:57:16,020 INFO /usr/local/bin/bench start
2025-03-15 02:57:16,287 INFO /usr/local/bin/bench serve --port 8000
2025-03-15 02:57:16,292 INFO /usr/local/bin/bench worker
2025-03-15 02:57:16,294 INFO /usr/local/bin/bench watch
2025-03-15 02:57:16,294 INFO /usr/local/bin/bench schedule
2025-03-15 03:08:45,336 INFO /usr/local/bin/bench start
2025-03-15 03:08:45,529 INFO /usr/local/bin/bench watch
2025-03-15 03:08:45,532 INFO /usr/local/bin/bench worker
2025-03-15 03:08:45,535 INFO /usr/local/bin/bench schedule
2025-03-15 03:08:45,539 INFO /usr/local/bin/bench serve --port 8000
2025-03-15 03:14:26,005 INFO /usr/local/bin/bench start
2025-03-15 03:14:26,175 INFO /usr/local/bin/bench worker
2025-03-15 03:14:26,191 INFO /usr/local/bin/bench schedule
2025-03-15 03:14:26,191 INFO /usr/local/bin/bench watch
2025-03-15 03:14:26,193 INFO /usr/local/bin/bench serve --port 8000
2025-03-15 03:24:07,707 INFO /usr/local/bin/bench start
2025-03-15 03:24:07,961 INFO /usr/local/bin/bench serve --port 8000
2025-03-15 03:24:07,967 INFO /usr/local/bin/bench watch
2025-03-15 03:24:07,970 INFO /usr/local/bin/bench schedule
2025-03-15 03:24:07,975 INFO /usr/local/bin/bench worker
2025-03-15 03:35:39,858 INFO /usr/local/bin/bench start
2025-03-15 03:35:40,066 INFO /usr/local/bin/bench schedule
2025-03-15 03:35:40,066 INFO /usr/local/bin/bench watch
2025-03-15 03:35:40,091 INFO /usr/local/bin/bench serve --port 8000
2025-03-15 03:35:40,093 INFO /usr/local/bin/bench worker
2025-03-15 03:50:43,408 INFO /usr/local/bin/bench start
2025-03-15 03:50:43,660 INFO /usr/local/bin/bench worker
2025-03-15 03:50:43,663 INFO /usr/local/bin/bench watch
2025-03-15 03:50:43,667 INFO /usr/local/bin/bench serve --port 8000
2025-03-15 03:50:43,674 INFO /usr/local/bin/bench schedule
2025-03-15 06:41:40,308 INFO /usr/local/bin/bench start
2025-03-15 06:41:41,243 INFO /usr/local/bin/bench serve --port 8000
2025-03-15 06:41:41,293 INFO /usr/local/bin/bench worker
2025-03-15 06:41:41,440 INFO /usr/local/bin/bench watch
2025-03-15 06:41:41,486 INFO /usr/local/bin/bench schedule
2025-03-15 07:23:16,484 INFO /usr/local/bin/bench start
2025-03-15 07:23:16,717 INFO /usr/local/bin/bench serve --port 8000
2025-03-15 07:23:16,719 INFO /usr/local/bin/bench schedule
2025-03-15 07:23:16,730 INFO /usr/local/bin/bench worker
2025-03-15 07:23:16,730 INFO /usr/local/bin/bench watch
2025-03-18 01:16:59,706 INFO /usr/local/bin/bench start
2025-03-18 01:17:00,004 INFO /usr/local/bin/bench serve --port 8000
2025-03-18 01:17:00,013 INFO /usr/local/bin/bench schedule
2025-03-18 01:17:00,019 INFO /usr/local/bin/bench watch
2025-03-18 01:17:00,024 INFO /usr/local/bin/bench worker
2025-03-18 01:25:41,245 INFO /usr/local/bin/bench console
2025-03-18 06:30:55,382 INFO /usr/local/bin/bench start
2025-03-18 06:30:55,576 INFO /usr/local/bin/bench watch
2025-03-18 06:30:55,579 INFO /usr/local/bin/bench schedule
2025-03-18 06:30:55,588 INFO /usr/local/bin/bench serve --port 8000
2025-03-18 06:30:55,594 INFO /usr/local/bin/bench worker
2025-03-18 06:43:29,756 INFO /usr/local/bin/bench start
2025-03-18 06:43:37,475 INFO /usr/local/bin/bench start
2025-03-18 06:43:46,576 INFO /usr/local/bin/bench start
2025-03-18 06:44:22,772 INFO /usr/local/bin/bench start
2025-03-18 06:44:28,974 INFO /usr/local/bin/bench start
2025-03-18 06:44:47,691 INFO /usr/local/bin/bench start
2025-03-18 06:45:46,900 INFO /usr/local/bin/bench start
2025-03-18 06:45:55,080 INFO /usr/local/bin/bench start
2025-03-18 06:46:16,658 INFO /usr/local/bin/bench start
2025-03-18 06:46:47,359 INFO /usr/local/bin/bench start
2025-03-18 06:47:28,394 INFO /usr/local/bin/bench stop
2025-03-18 06:47:37,441 INFO /usr/local/bin/bench restart
2025-03-18 06:47:37,655 DEBUG cd /home/macro/Frappe/frappe-bench && supervisorctl restart frappe:
2025-03-18 06:47:37,798 WARNING cd /home/macro/Frappe/frappe-bench && supervisorctl restart frappe: executed with exit code 7
2025-03-18 06:47:37,799 WARNING /usr/local/bin/bench restart executed with exit code 1
2025-03-18 06:48:17,933 INFO /usr/local/bin/bench restart
2025-03-18 06:48:18,067 DEBUG cd /home/macro/Frappe/frappe-bench && supervisorctl restart frappe:
2025-03-18 06:48:18,192 WARNING cd /home/macro/Frappe/frappe-bench && supervisorctl restart frappe: executed with exit code 7
2025-03-18 06:48:18,193 WARNING /usr/local/bin/bench restart executed with exit code 1
2025-03-18 06:48:21,968 INFO /usr/local/bin/bench restart
2025-03-18 06:48:22,114 DEBUG cd /home/macro/Frappe/frappe-bench && supervisorctl restart frappe:
2025-03-18 06:48:22,250 WARNING cd /home/macro/Frappe/frappe-bench && supervisorctl restart frappe: executed with exit code 7
2025-03-18 06:48:22,250 WARNING /usr/local/bin/bench restart executed with exit code 1
2025-03-18 06:48:25,304 INFO /usr/local/bin/bench start
2025-03-18 06:48:58,385 INFO /usr/local/bin/bench start
2025-03-18 06:49:18,730 INFO /usr/local/bin/bench start
2025-03-18 06:50:06,889 INFO /usr/local/bin/bench start
2025-03-18 06:50:45,936 INFO /usr/local/bin/bench start
2025-03-18 06:50:46,636 INFO /usr/local/bin/bench serve --port 8000
2025-03-18 06:51:18,656 INFO /usr/local/bin/bench start
2025-03-18 06:51:35,814 INFO /usr/local/bin/bench start
2025-03-18 06:52:45,399 INFO /usr/local/bin/bench start
2025-03-18 06:56:08,697 INFO /usr/local/bin/bench start
2025-03-18 06:57:18,469 INFO /usr/local/bin/bench start
2025-03-18 07:18:25,945 INFO /usr/local/bin/bench start
2025-03-18 07:27:36,765 INFO /usr/local/bin/bench start
2025-03-18 07:27:36,983 INFO /usr/local/bin/bench schedule
2025-03-18 07:27:36,991 INFO /usr/local/bin/bench watch
2025-03-18 07:27:36,992 INFO /usr/local/bin/bench serve --port 8000
2025-03-18 07:27:36,992 INFO /usr/local/bin/bench worker
2025-03-18 08:00:18,106 INFO /usr/local/bin/bench start
2025-03-18 08:00:18,888 INFO /usr/local/bin/bench serve --port 8000
2025-03-18 08:00:18,925 INFO /usr/local/bin/bench worker
2025-03-18 08:00:18,930 INFO /usr/local/bin/bench watch
2025-03-18 08:00:18,943 INFO /usr/local/bin/bench schedule
2025-03-18 08:07:09,783 INFO /usr/local/bin/bench start
2025-03-18 08:07:11,586 INFO /usr/local/bin/bench start
2025-03-18 08:07:21,964 INFO /usr/local/bin/bench start
2025-03-18 08:09:23,983 INFO /usr/local/bin/bench start
2025-03-18 08:09:33,992 INFO /usr/local/bin/bench start
2025-03-18 08:16:41,064 INFO /usr/local/bin/bench start
2025-03-18 08:22:07,636 INFO /usr/local/bin/bench start
2025-03-18 08:22:16,606 INFO /usr/local/bin/bench start
2025-03-18 08:22:18,798 INFO /usr/local/bin/bench start
2025-03-18 08:33:07,747 INFO /usr/local/bin/bench start
2025-03-18 08:33:44,330 INFO /usr/local/bin/bench start
2025-03-18 08:33:48,713 INFO /usr/local/bin/bench start
2025-03-18 21:41:43,683 INFO /usr/local/bin/bench service mysql start
2025-03-18 21:42:06,130 INFO /usr/local/bin/bench start
2025-03-18 21:42:06,354 INFO /usr/local/bin/bench worker
2025-03-18 21:42:06,357 INFO /usr/local/bin/bench watch
2025-03-18 21:42:06,357 INFO /usr/local/bin/bench serve --port 8000
2025-03-18 21:42:06,366 INFO /usr/local/bin/bench schedule
2025-03-18 23:24:00,645 INFO /usr/local/bin/bench start
2025-03-18 23:24:00,835 INFO /usr/local/bin/bench schedule
2025-03-18 23:24:00,850 INFO /usr/local/bin/bench serve --port 8000
2025-03-18 23:24:00,855 INFO /usr/local/bin/bench watch
2025-03-18 23:24:00,856 INFO /usr/local/bin/bench worker
2025-03-18 23:54:07,863 INFO /usr/local/bin/bench start
2025-03-18 23:54:08,031 INFO /usr/local/bin/bench worker
2025-03-18 23:54:08,032 INFO /usr/local/bin/bench watch
2025-03-18 23:54:08,035 INFO /usr/local/bin/bench serve --port 8000
2025-03-18 23:54:08,037 INFO /usr/local/bin/bench schedule
2025-03-19 03:48:38,602 INFO /usr/local/bin/bench start
2025-03-19 03:48:38,779 INFO /usr/local/bin/bench serve --port 8000
2025-03-19 03:48:38,794 INFO /usr/local/bin/bench watch
2025-03-19 03:48:38,795 INFO /usr/local/bin/bench worker
2025-03-19 03:48:38,802 INFO /usr/local/bin/bench schedule
2025-03-19 05:26:06,188 INFO /usr/local/bin/bench start
2025-03-19 05:26:06,360 INFO /usr/local/bin/bench watch
2025-03-19 05:26:06,364 INFO /usr/local/bin/bench serve --port 8000
2025-03-19 05:26:06,369 INFO /usr/local/bin/bench worker
2025-03-19 05:26:06,376 INFO /usr/local/bin/bench schedule
2025-03-19 05:57:09,210 INFO /usr/local/bin/bench start
2025-03-19 05:57:09,458 INFO /usr/local/bin/bench watch
2025-03-19 05:57:09,466 INFO /usr/local/bin/bench worker
2025-03-19 05:57:09,466 INFO /usr/local/bin/bench schedule
2025-03-19 05:57:09,469 INFO /usr/local/bin/bench serve --port 8000
2025-03-19 05:57:53,669 INFO /usr/local/bin/bench start
2025-03-19 05:57:53,965 INFO /usr/local/bin/bench schedule
2025-03-19 05:57:53,965 INFO /usr/local/bin/bench serve --port 8000
2025-03-19 05:57:53,965 INFO /usr/local/bin/bench watch
2025-03-19 05:57:53,966 INFO /usr/local/bin/bench worker
2025-03-19 05:59:42,998 INFO /usr/local/bin/bench start
2025-03-19 05:59:52,000 INFO /usr/local/bin/bench start
2025-03-19 05:59:52,326 INFO /usr/local/bin/bench watch
2025-03-19 05:59:52,329 INFO /usr/local/bin/bench serve --port 8000
2025-03-19 05:59:52,330 INFO /usr/local/bin/bench schedule
2025-03-19 05:59:52,344 INFO /usr/local/bin/bench worker
2025-03-19 06:22:34,917 INFO /usr/local/bin/bench start
2025-03-19 06:22:35,161 INFO /usr/local/bin/bench serve --port 8000
2025-03-19 06:22:35,163 INFO /usr/local/bin/bench schedule
2025-03-19 06:22:35,165 INFO /usr/local/bin/bench watch
2025-03-19 06:22:35,168 INFO /usr/local/bin/bench worker
2025-03-19 08:42:53,357 INFO /usr/local/bin/bench start
2025-03-19 08:42:53,554 INFO /usr/local/bin/bench serve --port 8000
2025-03-19 08:42:53,556 INFO /usr/local/bin/bench watch
2025-03-19 08:42:53,560 INFO /usr/local/bin/bench schedule
2025-03-19 08:42:53,565 INFO /usr/local/bin/bench worker
2025-03-19 08:51:37,401 INFO /usr/local/bin/bench start
2025-03-19 08:51:44,191 INFO /usr/local/bin/bench start
2025-03-19 08:51:44,427 INFO /usr/local/bin/bench serve --port 8000
2025-03-19 08:51:44,432 INFO /usr/local/bin/bench watch
2025-03-19 08:51:44,433 INFO /usr/local/bin/bench worker
2025-03-19 08:51:44,458 INFO /usr/local/bin/bench schedule
2025-03-19 08:55:59,972 INFO /usr/local/bin/bench start
2025-03-19 08:56:00,164 INFO /usr/local/bin/bench watch
2025-03-19 08:56:00,171 INFO /usr/local/bin/bench serve --port 8000
2025-03-19 08:56:00,171 INFO /usr/local/bin/bench schedule
2025-03-19 08:56:00,176 INFO /usr/local/bin/bench worker
2025-03-19 23:39:09,130 INFO /usr/local/bin/bench start
2025-03-19 23:39:10,399 INFO /usr/local/bin/bench watch
2025-03-19 23:39:10,400 INFO /usr/local/bin/bench serve --port 8000
2025-03-19 23:39:10,405 INFO /usr/local/bin/bench worker
2025-03-19 23:39:10,429 INFO /usr/local/bin/bench schedule
2025-03-20 00:35:49,843 INFO /usr/local/bin/bench start
2025-03-20 00:35:50,102 INFO /usr/local/bin/bench serve --port 8000
2025-03-20 00:35:50,103 INFO /usr/local/bin/bench watch
2025-03-20 00:35:50,112 INFO /usr/local/bin/bench schedule
2025-03-20 00:35:50,120 INFO /usr/local/bin/bench worker
2025-03-20 00:37:06,443 INFO /usr/local/bin/bench service mysql start
2025-03-20 00:37:33,685 INFO /usr/local/bin/bench start
2025-03-20 00:37:33,913 INFO /usr/local/bin/bench watch
2025-03-20 00:37:33,916 INFO /usr/local/bin/bench worker
2025-03-20 00:37:33,919 INFO /usr/local/bin/bench serve --port 8000
2025-03-20 00:37:33,925 INFO /usr/local/bin/bench schedule
2025-03-20 00:46:48,187 INFO /usr/local/bin/bench start
2025-03-20 00:46:48,474 INFO /usr/local/bin/bench schedule
2025-03-20 00:46:48,485 INFO /usr/local/bin/bench watch
2025-03-20 00:46:48,493 INFO /usr/local/bin/bench serve --port 8000
2025-03-20 00:46:48,501 INFO /usr/local/bin/bench worker
2025-03-20 02:04:40,977 INFO /usr/local/bin/bench start
2025-03-20 02:04:41,273 INFO /usr/local/bin/bench serve --port 8000
2025-03-20 02:04:41,279 INFO /usr/local/bin/bench schedule
2025-03-20 02:04:41,284 INFO /usr/local/bin/bench watch
2025-03-20 02:04:41,301 INFO /usr/local/bin/bench worker
2025-03-20 04:58:53,918 INFO /usr/local/bin/bench start
2025-03-20 04:58:54,243 INFO /usr/local/bin/bench serve --port 8000
2025-03-20 04:58:54,255 INFO /usr/local/bin/bench watch
2025-03-20 04:58:54,259 INFO /usr/local/bin/bench schedule
2025-03-20 04:58:54,264 INFO /usr/local/bin/bench worker
2025-03-20 04:59:00,825 INFO /usr/local/bin/bench start
2025-03-20 04:59:01,076 INFO /usr/local/bin/bench serve --port 8000
2025-03-20 04:59:01,095 INFO /usr/local/bin/bench schedule
2025-03-20 04:59:01,097 INFO /usr/local/bin/bench worker
2025-03-20 04:59:01,099 INFO /usr/local/bin/bench watch
2025-03-20 08:26:06,655 INFO /usr/local/bin/bench start
2025-03-20 08:26:06,874 INFO /usr/local/bin/bench worker
2025-03-20 08:26:06,876 INFO /usr/local/bin/bench schedule
2025-03-20 08:26:06,876 INFO /usr/local/bin/bench watch
2025-03-20 08:26:06,879 INFO /usr/local/bin/bench serve --port 8000
2025-03-22 02:10:53,416 INFO /usr/local/bin/bench --site hrpu.localhost console
2025-03-22 02:11:06,117 INFO /usr/local/bin/bench --site HRPU.localhost console
2025-03-22 02:22:56,195 INFO /usr/local/bin/bench --site HRPU.localhost console
2025-03-22 02:33:08,670 INFO /usr/local/bin/bench start
2025-03-22 02:33:08,886 INFO /usr/local/bin/bench watch
2025-03-22 02:33:08,888 INFO /usr/local/bin/bench worker
2025-03-22 02:33:08,890 INFO /usr/local/bin/bench serve --port 8000
2025-03-22 02:33:08,891 INFO /usr/local/bin/bench schedule
2025-03-22 02:44:38,802 INFO /usr/local/bin/bench --site HRPU.localhost doctor
2025-03-22 02:45:34,537 INFO /usr/local/bin/bench start
2025-03-22 02:45:34,786 INFO /usr/local/bin/bench watch
2025-03-22 02:45:34,787 INFO /usr/local/bin/bench worker
2025-03-22 02:45:34,792 INFO /usr/local/bin/bench serve --port 8000
2025-03-22 02:45:34,795 INFO /usr/local/bin/bench schedule
2025-03-22 02:45:39,098 INFO /usr/local/bin/bench --site HRPU.localhost doctorc
2025-03-22 02:45:41,028 INFO /usr/local/bin/bench --site HRPU.localhost doctor
2025-03-22 02:46:03,706 INFO /usr/local/bin/bench --site HRPU.localhost doctor
2025-03-22 02:46:22,264 INFO /usr/local/bin/bench clear-cache
2025-03-22 02:50:19,457 INFO /usr/local/bin/bench --site HRPU.localhost console
2025-03-22 03:12:53,798 INFO /usr/local/bin/bench start
2025-03-22 03:12:53,969 INFO /usr/local/bin/bench worker
2025-03-22 03:12:53,976 INFO /usr/local/bin/bench schedule
2025-03-22 03:12:53,978 INFO /usr/local/bin/bench watch
2025-03-22 03:12:53,987 INFO /usr/local/bin/bench serve --port 8000
2025-03-22 03:18:43,796 INFO /usr/local/bin/bench --site HRPU.localhost app-list
2025-03-22 03:18:48,062 INFO /usr/local/bin/bench --site HRPU.localhost apps-list
2025-03-22 03:18:54,890 INFO /usr/local/bin/bench --site HRPU.localhost list-apps
2025-03-22 03:19:07,889 INFO /usr/local/bin/bench --site HRP.localhost list-apps
2025-03-22 03:20:28,097 INFO /usr/local/bin/bench --site HRPU.localhost list-apps
2025-03-22 03:42:42,618 INFO /usr/local/bin/bench start
2025-03-22 03:42:42,779 INFO /usr/local/bin/bench watch
2025-03-22 03:42:42,780 INFO /usr/local/bin/bench worker
2025-03-22 03:42:42,787 INFO /usr/local/bin/bench schedule
2025-03-22 03:42:42,795 INFO /usr/local/bin/bench serve --port 8000
2025-03-22 03:50:46,630 INFO /usr/local/bin/bench start
2025-03-22 03:50:46,821 INFO /usr/local/bin/bench watch
2025-03-22 03:50:46,822 INFO /usr/local/bin/bench worker
2025-03-22 03:50:46,824 INFO /usr/local/bin/bench serve --port 8000
2025-03-22 03:50:46,832 INFO /usr/local/bin/bench schedule
2025-03-22 03:59:09,054 INFO /usr/local/bin/bench start
2025-03-22 03:59:09,238 INFO /usr/local/bin/bench watch
2025-03-22 03:59:09,251 INFO /usr/local/bin/bench worker
2025-03-22 03:59:09,252 INFO /usr/local/bin/bench schedule
2025-03-22 03:59:09,253 INFO /usr/local/bin/bench serve --port 8000
2025-03-22 04:31:23,237 INFO /usr/local/bin/bench mysql
2025-03-22 04:31:25,756 INFO /usr/local/bin/bench mysqld
2025-03-22 04:31:55,248 INFO /usr/local/bin/bench mysql
2025-03-22 04:35:05,356 INFO /usr/local/bin/bench start
2025-03-22 04:35:05,517 INFO /usr/local/bin/bench worker
2025-03-22 04:35:05,518 INFO /usr/local/bin/bench serve --port 8000
2025-03-22 04:35:05,532 INFO /usr/local/bin/bench watch
2025-03-22 04:35:05,533 INFO /usr/local/bin/bench schedule
2025-03-22 05:24:30,162 INFO /usr/local/bin/bench start
2025-03-22 05:24:30,361 INFO /usr/local/bin/bench watch
2025-03-22 05:24:30,374 INFO /usr/local/bin/bench worker
2025-03-22 05:24:30,376 INFO /usr/local/bin/bench schedule
2025-03-22 05:24:30,378 INFO /usr/local/bin/bench serve --port 8000
2025-03-24 01:29:47,928 INFO /usr/local/bin/bench start
2025-03-24 01:29:48,190 INFO /usr/local/bin/bench schedule
2025-03-24 01:29:48,205 INFO /usr/local/bin/bench serve --port 8000
2025-03-24 01:29:48,209 INFO /usr/local/bin/bench watch
2025-03-24 01:29:48,211 INFO /usr/local/bin/bench worker
2025-03-27 00:57:38,193 INFO /usr/local/bin/bench start
2025-03-27 00:57:38,465 INFO /usr/local/bin/bench watch
2025-03-27 00:57:38,472 INFO /usr/local/bin/bench schedule
2025-03-27 00:57:38,475 INFO /usr/local/bin/bench worker
2025-03-27 00:57:38,485 INFO /usr/local/bin/bench serve --port 8000
2025-03-27 01:00:57,767 INFO /usr/local/bin/bench build
2025-03-27 01:03:13,454 INFO /usr/local/bin/bench start
2025-03-27 01:03:13,680 INFO /usr/local/bin/bench serve --port 8000
2025-03-27 01:03:13,680 INFO /usr/local/bin/bench schedule
2025-03-27 01:03:13,681 INFO /usr/local/bin/bench watch
2025-03-27 01:03:13,682 INFO /usr/local/bin/bench worker
2025-03-27 01:14:07,227 INFO /usr/local/bin/bench build
2025-03-27 01:14:17,989 INFO /usr/local/bin/bench start
2025-03-27 01:14:18,203 INFO /usr/local/bin/bench watch
2025-03-27 01:14:18,207 INFO /usr/local/bin/bench schedule
2025-03-27 01:14:18,211 INFO /usr/local/bin/bench worker
2025-03-27 01:14:18,212 INFO /usr/local/bin/bench serve --port 8000
2025-03-27 01:14:38,548 INFO /usr/local/bin/bench build
2025-03-27 01:15:44,401 INFO /usr/local/bin/bench start
2025-03-27 01:15:44,610 INFO /usr/local/bin/bench serve --port 8000
2025-03-27 01:15:44,614 INFO /usr/local/bin/bench schedule
2025-03-27 01:15:44,616 INFO /usr/local/bin/bench worker
2025-03-27 01:15:44,627 INFO /usr/local/bin/bench watch
2025-03-27 01:22:14,106 INFO /usr/local/bin/bench build
2025-03-27 01:23:09,150 INFO /usr/local/bin/bench start
2025-03-27 01:23:09,409 INFO /usr/local/bin/bench schedule
2025-03-27 01:23:09,414 INFO /usr/local/bin/bench serve --port 8000
2025-03-27 01:23:09,415 INFO /usr/local/bin/bench worker
2025-03-27 01:23:09,417 INFO /usr/local/bin/bench watch
2025-03-27 01:29:41,622 INFO /usr/local/bin/bench start
2025-03-27 01:29:41,861 INFO /usr/local/bin/bench watch
2025-03-27 01:29:41,870 INFO /usr/local/bin/bench serve --port 8000
2025-03-27 01:29:41,873 INFO /usr/local/bin/bench worker
2025-03-27 01:29:41,877 INFO /usr/local/bin/bench schedule
2025-03-27 01:48:45,056 INFO /usr/local/bin/bench start
2025-03-27 01:48:45,294 INFO /usr/local/bin/bench serve --port 8000
2025-03-27 01:48:45,305 INFO /usr/local/bin/bench schedule
2025-03-27 01:48:45,307 INFO /usr/local/bin/bench worker
2025-03-27 01:48:45,310 INFO /usr/local/bin/bench watch
2025-03-27 01:56:59,670 INFO /usr/local/bin/bench start
2025-03-27 01:56:59,886 INFO /usr/local/bin/bench worker
2025-03-27 01:56:59,897 INFO /usr/local/bin/bench serve --port 8000
2025-03-27 01:56:59,897 INFO /usr/local/bin/bench schedule
2025-03-27 01:56:59,905 INFO /usr/local/bin/bench watch
2025-03-27 02:17:30,621 INFO /usr/local/bin/bench start
2025-03-27 02:17:30,874 INFO /usr/local/bin/bench schedule
2025-03-27 02:17:30,874 INFO /usr/local/bin/bench serve --port 8000
2025-03-27 02:17:30,876 INFO /usr/local/bin/bench worker
2025-03-27 02:17:30,877 INFO /usr/local/bin/bench watch
2025-03-27 02:28:38,414 INFO /usr/local/bin/bench start
2025-03-27 02:28:38,617 INFO /usr/local/bin/bench worker
2025-03-27 02:28:38,624 INFO /usr/local/bin/bench schedule
2025-03-27 02:28:38,624 INFO /usr/local/bin/bench watch
2025-03-27 02:28:38,627 INFO /usr/local/bin/bench serve --port 8000
2025-03-28 08:32:53,457 INFO /usr/local/bin/bench start
2025-03-28 08:32:53,739 INFO /usr/local/bin/bench serve --port 8000
2025-03-28 08:32:53,742 INFO /usr/local/bin/bench watch
2025-03-28 08:32:53,749 INFO /usr/local/bin/bench worker
2025-03-28 08:32:53,753 INFO /usr/local/bin/bench schedule
2025-03-28 08:33:14,188 INFO /usr/local/bin/bench start
2025-03-28 08:33:14,423 INFO /usr/local/bin/bench schedule
2025-03-28 08:33:14,427 INFO /usr/local/bin/bench worker
2025-03-28 08:33:14,437 INFO /usr/local/bin/bench serve --port 8000
2025-03-28 08:33:14,437 INFO /usr/local/bin/bench watch
2025-03-29 23:22:25,333 INFO /usr/local/bin/bench start
2025-03-29 23:22:25,733 INFO /usr/local/bin/bench schedule
2025-03-29 23:22:25,735 INFO /usr/local/bin/bench serve --port 8000
2025-03-29 23:22:25,756 INFO /usr/local/bin/bench watch
2025-03-29 23:22:25,775 INFO /usr/local/bin/bench worker
2025-03-29 23:26:15,573 INFO /usr/local/bin/bench --site HRPU.localhost console
2025-03-31 00:18:35,659 INFO /usr/local/bin/bench start
2025-03-31 00:18:35,921 INFO /usr/local/bin/bench serve --port 8000
2025-03-31 00:18:35,927 INFO /usr/local/bin/bench watch
2025-03-31 00:18:35,929 INFO /usr/local/bin/bench worker
2025-03-31 00:18:35,931 INFO /usr/local/bin/bench schedule
2025-03-31 00:50:39,705 INFO /usr/local/bin/bench start
2025-03-31 00:50:39,902 INFO /usr/local/bin/bench worker
2025-03-31 00:50:39,902 INFO /usr/local/bin/bench schedule
2025-03-31 00:50:39,928 INFO /usr/local/bin/bench watch
2025-03-31 00:50:39,928 INFO /usr/local/bin/bench serve --port 8000
2025-03-31 02:18:35,307 INFO /usr/local/bin/bench start
2025-03-31 02:18:35,526 INFO /usr/local/bin/bench worker
2025-03-31 02:18:35,528 INFO /usr/local/bin/bench serve --port 8000
2025-03-31 02:18:35,528 INFO /usr/local/bin/bench watch
2025-03-31 02:18:35,550 INFO /usr/local/bin/bench schedule
2025-03-31 02:26:06,315 INFO /usr/local/bin/bench start
2025-03-31 02:26:06,528 INFO /usr/local/bin/bench watch
2025-03-31 02:26:06,537 INFO /usr/local/bin/bench worker
2025-03-31 02:26:06,545 INFO /usr/local/bin/bench serve --port 8000
2025-03-31 02:26:06,558 INFO /usr/local/bin/bench schedule
2025-03-31 02:29:00,234 INFO /usr/local/bin/bench start
2025-03-31 02:29:00,423 INFO /usr/local/bin/bench worker
2025-03-31 02:29:00,454 INFO /usr/local/bin/bench schedule
2025-03-31 02:29:00,455 INFO /usr/local/bin/bench serve --port 8000
2025-03-31 02:29:00,457 INFO /usr/local/bin/bench watch
2025-03-31 02:44:37,877 INFO /usr/local/bin/bench start
2025-03-31 02:44:38,134 INFO /usr/local/bin/bench worker
2025-03-31 02:44:38,142 INFO /usr/local/bin/bench watch
2025-03-31 02:44:38,143 INFO /usr/local/bin/bench serve --port 8000
2025-03-31 02:44:38,144 INFO /usr/local/bin/bench schedule
2025-03-31 03:10:06,876 INFO /usr/local/bin/bench start
2025-03-31 03:10:07,104 INFO /usr/local/bin/bench watch
2025-03-31 03:10:07,126 INFO /usr/local/bin/bench serve --port 8000
2025-03-31 03:10:07,131 INFO /usr/local/bin/bench schedule
2025-03-31 03:10:07,133 INFO /usr/local/bin/bench worker
2025-03-31 04:00:59,891 INFO /usr/local/bin/bench start
2025-03-31 04:01:00,126 INFO /usr/local/bin/bench watch
2025-03-31 04:01:00,153 INFO /usr/local/bin/bench serve --port 8000
2025-03-31 04:01:00,156 INFO /usr/local/bin/bench worker
2025-03-31 04:01:00,158 INFO /usr/local/bin/bench schedule
2025-03-31 04:12:11,030 INFO /usr/local/bin/bench start
2025-03-31 04:12:11,232 INFO /usr/local/bin/bench schedule
2025-03-31 04:12:11,232 INFO /usr/local/bin/bench worker
2025-03-31 04:12:11,254 INFO /usr/local/bin/bench watch
2025-03-31 04:12:11,255 INFO /usr/local/bin/bench serve --port 8000
2025-03-31 04:19:41,772 INFO /usr/local/bin/bench start
2025-03-31 04:19:42,024 INFO /usr/local/bin/bench schedule
2025-03-31 04:19:42,043 INFO /usr/local/bin/bench worker
2025-03-31 04:19:42,053 INFO /usr/local/bin/bench serve --port 8000
2025-03-31 04:19:42,054 INFO /usr/local/bin/bench watch
2025-03-31 18:09:31,955 INFO /usr/local/bin/bench start
2025-03-31 18:09:32,327 INFO /usr/local/bin/bench serve --port 8000
2025-03-31 18:09:32,346 INFO /usr/local/bin/bench watch
2025-03-31 18:09:32,352 INFO /usr/local/bin/bench worker
2025-03-31 18:09:32,359 INFO /usr/local/bin/bench schedule
2025-03-31 18:44:18,770 INFO /usr/local/bin/bench start
2025-03-31 18:44:19,004 INFO /usr/local/bin/bench watch
2025-03-31 18:44:19,011 INFO /usr/local/bin/bench worker
2025-03-31 18:44:19,018 INFO /usr/local/bin/bench serve --port 8000
2025-03-31 18:44:19,019 INFO /usr/local/bin/bench schedule
2025-03-31 19:06:41,459 INFO /usr/local/bin/bench start
2025-03-31 19:06:41,686 INFO /usr/local/bin/bench serve --port 8000
2025-03-31 19:06:41,690 INFO /usr/local/bin/bench watch
2025-03-31 19:06:41,692 INFO /usr/local/bin/bench worker
2025-03-31 19:06:41,712 INFO /usr/local/bin/bench schedule
2025-03-31 19:12:48,699 INFO /usr/local/bin/bench start
2025-03-31 19:12:48,901 INFO /usr/local/bin/bench watch
2025-03-31 19:12:48,906 INFO /usr/local/bin/bench schedule
2025-03-31 19:12:48,922 INFO /usr/local/bin/bench serve --port 8000
2025-03-31 19:12:48,923 INFO /usr/local/bin/bench worker
2025-03-31 20:34:39,260 INFO /usr/local/bin/bench start
2025-03-31 20:34:39,534 INFO /usr/local/bin/bench worker
2025-03-31 20:34:39,544 INFO /usr/local/bin/bench watch
2025-03-31 20:34:39,546 INFO /usr/local/bin/bench schedule
2025-03-31 20:34:39,552 INFO /usr/local/bin/bench serve --port 8000
2025-03-31 20:43:42,671 INFO /usr/local/bin/bench start
2025-03-31 20:43:42,926 INFO /usr/local/bin/bench serve --port 8000
2025-03-31 20:43:42,935 INFO /usr/local/bin/bench worker
2025-03-31 20:43:42,935 INFO /usr/local/bin/bench schedule
2025-03-31 20:43:42,957 INFO /usr/local/bin/bench watch
2025-03-31 21:37:00,153 INFO /usr/local/bin/bench start
2025-03-31 21:37:00,391 INFO /usr/local/bin/bench schedule
2025-03-31 21:37:00,393 INFO /usr/local/bin/bench serve --port 8000
2025-03-31 21:37:00,398 INFO /usr/local/bin/bench worker
2025-03-31 21:37:00,408 INFO /usr/local/bin/bench watch
2025-03-31 21:40:44,422 INFO /usr/local/bin/bench start
2025-03-31 21:40:44,640 INFO /usr/local/bin/bench serve --port 8000
2025-03-31 21:40:44,646 INFO /usr/local/bin/bench watch
2025-03-31 21:40:44,646 INFO /usr/local/bin/bench schedule
2025-03-31 21:40:44,657 INFO /usr/local/bin/bench worker
2025-04-02 22:52:00,025 INFO /usr/local/bin/bench start
2025-04-02 22:52:00,319 INFO /usr/local/bin/bench serve --port 8000
2025-04-02 22:52:00,321 INFO /usr/local/bin/bench schedule
2025-04-02 22:52:00,332 INFO /usr/local/bin/bench watch
2025-04-02 22:52:00,340 INFO /usr/local/bin/bench worker
2025-04-03 01:13:45,356 INFO /usr/local/bin/bench start
2025-04-03 01:13:45,582 INFO /usr/local/bin/bench watch
2025-04-03 01:13:45,594 INFO /usr/local/bin/bench serve --port 8000
2025-04-03 01:13:45,595 INFO /usr/local/bin/bench worker
2025-04-03 01:13:45,606 INFO /usr/local/bin/bench schedule
2025-04-03 01:19:12,318 INFO /usr/local/bin/bench start
2025-04-03 01:19:12,539 INFO /usr/local/bin/bench serve --port 8000
2025-04-03 01:19:12,541 INFO /usr/local/bin/bench schedule
2025-04-03 01:19:12,542 INFO /usr/local/bin/bench worker
2025-04-03 01:19:12,554 INFO /usr/local/bin/bench watch
2025-04-03 01:57:27,081 INFO /usr/local/bin/bench start
2025-04-03 01:57:27,313 INFO /usr/local/bin/bench serve --port 8000
2025-04-03 01:57:27,315 INFO /usr/local/bin/bench watch
2025-04-03 01:57:27,320 INFO /usr/local/bin/bench worker
2025-04-03 01:57:27,321 INFO /usr/local/bin/bench schedule
2025-04-03 02:11:49,379 INFO /usr/local/bin/bench start
2025-04-03 02:11:49,619 INFO /usr/local/bin/bench watch
2025-04-03 02:11:49,632 INFO /usr/local/bin/bench worker
2025-04-03 02:11:49,632 INFO /usr/local/bin/bench schedule
2025-04-03 02:11:49,635 INFO /usr/local/bin/bench serve --port 8000
2025-04-03 02:33:42,282 INFO /usr/local/bin/bench start
2025-04-03 02:33:42,476 INFO /usr/local/bin/bench serve --port 8000
2025-04-03 02:33:42,498 INFO /usr/local/bin/bench watch
2025-04-03 02:33:42,500 INFO /usr/local/bin/bench schedule
2025-04-03 02:33:42,503 INFO /usr/local/bin/bench worker
2025-04-03 03:00:39,414 INFO /usr/local/bin/bench start
2025-04-03 03:00:39,620 INFO /usr/local/bin/bench worker
2025-04-03 03:00:39,626 INFO /usr/local/bin/bench serve --port 8000
2025-04-03 03:00:39,644 INFO /usr/local/bin/bench schedule
2025-04-03 03:00:39,646 INFO /usr/local/bin/bench watch
2025-04-03 03:53:39,074 INFO /usr/local/bin/bench start
2025-04-03 03:53:39,310 INFO /usr/local/bin/bench serve --port 8000
2025-04-03 03:53:39,311 INFO /usr/local/bin/bench watch
2025-04-03 03:53:39,316 INFO /usr/local/bin/bench worker
2025-04-03 03:53:39,319 INFO /usr/local/bin/bench schedule
2025-04-03 22:39:11,507 INFO /usr/local/bin/bench start
2025-04-03 22:39:11,816 INFO /usr/local/bin/bench schedule
2025-04-03 22:39:11,818 INFO /usr/local/bin/bench serve --port 8000
2025-04-03 22:39:11,824 INFO /usr/local/bin/bench watch
2025-04-03 22:39:11,831 INFO /usr/local/bin/bench worker
2025-04-03 23:40:10,415 INFO /usr/local/bin/bench start
2025-04-03 23:40:10,646 INFO /usr/local/bin/bench serve --port 8000
2025-04-03 23:40:10,647 INFO /usr/local/bin/bench watch
2025-04-03 23:40:10,651 INFO /usr/local/bin/bench worker
2025-04-03 23:40:10,652 INFO /usr/local/bin/bench schedule
2025-04-03 23:51:11,188 INFO /usr/local/bin/bench start
2025-04-03 23:51:11,494 INFO /usr/local/bin/bench worker
2025-04-03 23:51:11,505 INFO /usr/local/bin/bench watch
2025-04-03 23:51:11,508 INFO /usr/local/bin/bench schedule
2025-04-03 23:51:11,510 INFO /usr/local/bin/bench serve --port 8000
2025-04-03 23:55:25,420 INFO /usr/local/bin/bench start
2025-04-03 23:55:25,643 INFO /usr/local/bin/bench serve --port 8000
2025-04-03 23:55:25,647 INFO /usr/local/bin/bench worker
2025-04-03 23:55:25,657 INFO /usr/local/bin/bench schedule
2025-04-03 23:55:25,669 INFO /usr/local/bin/bench watch
2025-04-04 00:02:25,386 INFO /usr/local/bin/bench start
2025-04-04 00:02:25,603 INFO /usr/local/bin/bench schedule
2025-04-04 00:02:25,607 INFO /usr/local/bin/bench serve --port 8000
2025-04-04 00:02:25,607 INFO /usr/local/bin/bench worker
2025-04-04 00:02:25,608 INFO /usr/local/bin/bench watch
2025-04-04 00:36:23,133 INFO /usr/local/bin/bench start
2025-04-04 00:36:23,360 INFO /usr/local/bin/bench schedule
2025-04-04 00:36:23,361 INFO /usr/local/bin/bench worker
2025-04-04 00:36:23,375 INFO /usr/local/bin/bench serve --port 8000
2025-04-04 00:36:23,391 INFO /usr/local/bin/bench watch
2025-04-04 23:37:22,621 INFO /usr/local/bin/bench start
2025-04-04 23:37:22,900 INFO /usr/local/bin/bench serve --port 8000
2025-04-04 23:37:22,909 INFO /usr/local/bin/bench schedule
2025-04-04 23:37:22,920 INFO /usr/local/bin/bench worker
2025-04-04 23:37:22,923 INFO /usr/local/bin/bench watch
2025-04-05 02:17:29,929 INFO /usr/local/bin/bench start
2025-04-05 02:17:30,189 INFO /usr/local/bin/bench serve --port 8000
2025-04-05 02:17:30,196 INFO /usr/local/bin/bench watch
2025-04-05 02:17:30,208 INFO /usr/local/bin/bench worker
2025-04-05 02:17:30,221 INFO /usr/local/bin/bench schedule
2025-04-05 02:25:16,183 INFO /usr/local/bin/bench start
2025-04-05 02:25:16,423 INFO /usr/local/bin/bench watch
2025-04-05 02:25:16,438 INFO /usr/local/bin/bench serve --port 8000
2025-04-05 02:25:16,445 INFO /usr/local/bin/bench worker
2025-04-05 02:25:16,445 INFO /usr/local/bin/bench schedule
2025-04-06 07:44:14,921 INFO /usr/local/bin/bench start
2025-04-06 07:44:15,235 INFO /usr/local/bin/bench watch
2025-04-06 07:44:15,240 INFO /usr/local/bin/bench worker
2025-04-06 07:44:15,240 INFO /usr/local/bin/bench serve --port 8000
2025-04-06 07:44:15,252 INFO /usr/local/bin/bench schedule
2025-04-06 23:26:05,663 INFO /usr/local/bin/bench start
2025-04-06 23:26:05,946 INFO /usr/local/bin/bench serve --port 8000
2025-04-06 23:26:05,947 INFO /usr/local/bin/bench watch
2025-04-06 23:26:05,951 INFO /usr/local/bin/bench schedule
2025-04-06 23:26:05,957 INFO /usr/local/bin/bench worker
2025-04-06 23:50:34,133 INFO /usr/local/bin/bench start
2025-04-06 23:50:34,356 INFO /usr/local/bin/bench schedule
2025-04-06 23:50:34,371 INFO /usr/local/bin/bench worker
2025-04-06 23:50:34,374 INFO /usr/local/bin/bench watch
2025-04-06 23:50:34,382 INFO /usr/local/bin/bench serve --port 8000
2025-04-07 00:04:13,729 INFO /usr/local/bin/bench start
2025-04-07 00:04:13,989 INFO /usr/local/bin/bench schedule
2025-04-07 00:04:14,011 INFO /usr/local/bin/bench serve --port 8000
2025-04-07 00:04:14,016 INFO /usr/local/bin/bench watch
2025-04-07 00:04:14,019 INFO /usr/local/bin/bench worker
2025-04-08 05:45:18,382 INFO /usr/local/bin/bench start
2025-04-08 05:45:18,741 INFO /usr/local/bin/bench watch
2025-04-08 05:45:18,749 INFO /usr/local/bin/bench serve --port 8000
2025-04-08 05:45:18,749 INFO /usr/local/bin/bench schedule
2025-04-08 05:45:18,759 INFO /usr/local/bin/bench worker
2025-04-08 05:49:13,140 INFO /usr/local/bin/bench start
2025-04-08 05:49:13,363 INFO /usr/local/bin/bench serve --port 8000
2025-04-08 05:49:13,373 INFO /usr/local/bin/bench watch
2025-04-08 05:49:13,380 INFO /usr/local/bin/bench schedule
2025-04-08 05:49:13,390 INFO /usr/local/bin/bench worker
2025-04-08 06:16:38,326 INFO /usr/local/bin/bench start
2025-04-08 06:16:38,548 INFO /usr/local/bin/bench serve --port 8000
2025-04-08 06:16:38,571 INFO /usr/local/bin/bench worker
2025-04-08 06:16:38,574 INFO /usr/local/bin/bench watch
2025-04-08 06:16:38,576 INFO /usr/local/bin/bench schedule
2025-04-10 16:57:30,721 INFO /usr/local/bin/bench start
2025-04-10 16:57:31,020 INFO /usr/local/bin/bench watch
2025-04-10 16:57:31,025 INFO /usr/local/bin/bench schedule
2025-04-10 16:57:31,029 INFO /usr/local/bin/bench serve --port 8000
2025-04-10 16:57:31,032 INFO /usr/local/bin/bench worker
2025-04-10 19:38:44,498 INFO /usr/local/bin/bench start
2025-04-10 19:38:44,716 INFO /usr/local/bin/bench watch
2025-04-10 19:38:44,721 INFO /usr/local/bin/bench schedule
2025-04-10 19:38:44,723 INFO /usr/local/bin/bench serve --port 8000
2025-04-10 19:38:44,729 INFO /usr/local/bin/bench worker
2025-04-11 01:25:20,974 INFO /usr/local/bin/bench start
2025-04-11 01:25:21,213 INFO /usr/local/bin/bench watch
2025-04-11 01:25:21,229 INFO /usr/local/bin/bench worker
2025-04-11 01:25:21,229 INFO /usr/local/bin/bench schedule
2025-04-11 01:25:21,229 INFO /usr/local/bin/bench serve --port 8000
2025-04-11 05:01:35,639 INFO /usr/local/bin/bench start
2025-04-11 05:01:35,865 INFO /usr/local/bin/bench worker
2025-04-11 05:01:35,867 INFO /usr/local/bin/bench serve --port 8000
2025-04-11 05:01:35,872 INFO /usr/local/bin/bench schedule
2025-04-11 05:01:35,876 INFO /usr/local/bin/bench watch
2025-04-11 06:52:58,187 INFO /usr/local/bin/bench start
2025-04-11 06:52:58,419 INFO /usr/local/bin/bench worker
2025-04-11 06:52:58,419 INFO /usr/local/bin/bench schedule
2025-04-11 06:52:58,420 INFO /usr/local/bin/bench serve --port 8000
2025-04-11 06:52:58,423 INFO /usr/local/bin/bench watch
2025-04-11 08:14:08,458 INFO /usr/local/bin/bench start
2025-04-11 08:14:08,691 INFO /usr/local/bin/bench schedule
2025-04-11 08:14:08,695 INFO /usr/local/bin/bench watch
2025-04-11 08:14:08,698 INFO /usr/local/bin/bench serve --port 8000
2025-04-11 08:14:08,703 INFO /usr/local/bin/bench worker
2025-04-11 08:40:33,226 INFO /usr/local/bin/bench start
2025-04-11 08:40:33,410 INFO /usr/local/bin/bench watch
2025-04-11 08:40:33,416 INFO /usr/local/bin/bench worker
2025-04-11 08:40:33,419 INFO /usr/local/bin/bench schedule
2025-04-11 08:40:33,424 INFO /usr/local/bin/bench serve --port 8000
2025-04-11 16:58:06,322 INFO /usr/local/bin/bench start
2025-04-11 16:58:06,571 INFO /usr/local/bin/bench serve --port 8000
2025-04-11 16:58:06,578 INFO /usr/local/bin/bench schedule
2025-04-11 16:58:06,578 INFO /usr/local/bin/bench worker
2025-04-11 16:58:06,590 INFO /usr/local/bin/bench watch
2025-04-11 17:02:13,648 INFO /usr/local/bin/bench start
2025-04-11 17:02:13,817 INFO /usr/local/bin/bench watch
2025-04-11 17:02:13,817 INFO /usr/local/bin/bench worker
2025-04-11 17:02:13,831 INFO /usr/local/bin/bench serve --port 8000
2025-04-11 17:02:13,852 INFO /usr/local/bin/bench schedule
2025-04-11 21:00:24,474 INFO /usr/local/bin/bench start
2025-04-11 21:00:24,707 INFO /usr/local/bin/bench serve --port 8000
2025-04-11 21:00:24,708 INFO /usr/local/bin/bench watch
2025-04-11 21:00:24,713 INFO /usr/local/bin/bench schedule
2025-04-11 21:00:24,714 INFO /usr/local/bin/bench worker
2025-04-12 01:32:57,477 INFO /usr/local/bin/bench start
2025-04-12 01:32:57,727 INFO /usr/local/bin/bench watch
2025-04-12 01:32:57,727 INFO /usr/local/bin/bench schedule
2025-04-12 01:32:57,729 INFO /usr/local/bin/bench serve --port 8000
2025-04-12 01:32:57,743 INFO /usr/local/bin/bench worker
2025-04-12 03:05:56,293 INFO /usr/local/bin/bench start
2025-04-12 03:05:56,617 INFO /usr/local/bin/bench serve --port 8000
2025-04-12 03:05:56,636 INFO /usr/local/bin/bench schedule
2025-04-12 03:05:56,640 INFO /usr/local/bin/bench worker
2025-04-12 03:05:56,641 INFO /usr/local/bin/bench watch
2025-04-12 07:32:38,895 INFO /usr/local/bin/bench start
2025-04-12 07:32:39,255 INFO /usr/local/bin/bench watch
2025-04-12 07:32:39,264 INFO /usr/local/bin/bench serve --port 8000
2025-04-12 07:32:39,267 INFO /usr/local/bin/bench worker
2025-04-12 07:32:39,274 INFO /usr/local/bin/bench schedule
2025-04-12 10:09:38,268 INFO /usr/local/bin/bench start
2025-04-12 10:09:38,591 INFO /usr/local/bin/bench serve --port 8000
2025-04-12 10:09:38,606 INFO /usr/local/bin/bench worker
2025-04-12 10:09:38,629 INFO /usr/local/bin/bench watch
2025-04-12 10:09:38,639 INFO /usr/local/bin/bench schedule
2025-04-12 11:15:25,081 INFO /usr/local/bin/bench start
2025-04-12 11:15:25,260 INFO /usr/local/bin/bench watch
2025-04-12 11:15:25,271 INFO /usr/local/bin/bench schedule
2025-04-12 11:15:25,273 INFO /usr/local/bin/bench worker
2025-04-12 11:15:25,281 INFO /usr/local/bin/bench serve --port 8000
2025-04-13 03:48:19,612 INFO /usr/local/bin/bench start
2025-04-13 03:48:19,844 INFO /usr/local/bin/bench watch
2025-04-13 03:48:19,852 INFO /usr/local/bin/bench schedule
2025-04-13 03:48:19,853 INFO /usr/local/bin/bench serve --port 8000
2025-04-13 03:48:19,864 INFO /usr/local/bin/bench worker
2025-04-13 03:49:23,996 INFO /usr/local/bin/bench start
2025-04-13 03:49:24,304 INFO /usr/local/bin/bench schedule
2025-04-13 03:49:24,332 INFO /usr/local/bin/bench serve --port 8000
2025-04-13 03:49:24,332 INFO /usr/local/bin/bench watch
2025-04-13 03:49:24,337 INFO /usr/local/bin/bench worker
2025-04-13 05:12:59,654 INFO /usr/local/bin/bench set-config -g server_script_enable 1
2025-04-13 05:13:12,000 INFO /usr/local/bin/bench start
2025-04-13 05:13:12,212 INFO /usr/local/bin/bench schedule
2025-04-13 05:13:12,217 INFO /usr/local/bin/bench serve --port 8000
2025-04-13 05:13:12,223 INFO /usr/local/bin/bench worker
2025-04-13 05:13:12,232 INFO /usr/local/bin/bench watch
2025-04-13 07:52:44,746 INFO /usr/local/bin/bench start
2025-04-13 07:52:44,939 INFO /usr/local/bin/bench serve --port 8000
2025-04-13 07:52:44,940 INFO /usr/local/bin/bench worker
2025-04-13 07:52:44,948 INFO /usr/local/bin/bench schedule
2025-04-13 07:52:44,966 INFO /usr/local/bin/bench watch
2025-04-13 17:32:11,575 INFO /usr/local/bin/bench start
2025-04-13 17:32:11,808 INFO /usr/local/bin/bench watch
2025-04-13 17:32:11,813 INFO /usr/local/bin/bench serve --port 8000
2025-04-13 17:32:11,817 INFO /usr/local/bin/bench worker
2025-04-13 17:32:11,823 INFO /usr/local/bin/bench schedule
2025-04-13 20:11:33,437 INFO /usr/local/bin/bench start
2025-04-13 20:11:33,594 INFO /usr/local/bin/bench watch
2025-04-13 20:11:33,613 INFO /usr/local/bin/bench serve --port 8000
2025-04-13 20:11:33,620 INFO /usr/local/bin/bench schedule
2025-04-13 20:11:33,634 INFO /usr/local/bin/bench worker
2025-04-13 21:25:49,209 INFO /usr/local/bin/bench start
2025-04-13 21:25:49,463 INFO /usr/local/bin/bench schedule
2025-04-13 21:25:49,464 INFO /usr/local/bin/bench serve --port 8000
2025-04-13 21:25:49,481 INFO /usr/local/bin/bench worker
2025-04-13 21:25:49,484 INFO /usr/local/bin/bench watch
2025-04-14 00:10:31,378 INFO /usr/local/bin/bench start
2025-04-14 00:10:31,591 INFO /usr/local/bin/bench watch
2025-04-14 00:10:31,601 INFO /usr/local/bin/bench schedule
2025-04-14 00:10:31,604 INFO /usr/local/bin/bench worker
2025-04-14 00:10:31,606 INFO /usr/local/bin/bench serve --port 8000
2025-04-14 02:23:01,452 INFO /usr/local/bin/bench start
2025-04-14 02:23:01,692 INFO /usr/local/bin/bench serve --port 8000
2025-04-14 02:23:01,696 INFO /usr/local/bin/bench watch
2025-04-14 02:23:01,704 INFO /usr/local/bin/bench schedule
2025-04-14 02:23:01,708 INFO /usr/local/bin/bench worker
2025-04-14 20:16:44,005 INFO /usr/local/bin/bench start
2025-04-14 20:16:44,281 INFO /usr/local/bin/bench serve --port 8000
2025-04-14 20:16:44,295 INFO /usr/local/bin/bench schedule
2025-04-14 20:16:44,298 INFO /usr/local/bin/bench watch
2025-04-14 20:16:44,301 INFO /usr/local/bin/bench worker
2025-04-14 22:11:59,268 INFO /usr/local/bin/bench start
2025-04-14 22:11:59,501 INFO /usr/local/bin/bench serve --port 8000
2025-04-14 22:11:59,514 INFO /usr/local/bin/bench schedule
2025-04-14 22:11:59,529 INFO /usr/local/bin/bench worker
2025-04-14 22:11:59,531 INFO /usr/local/bin/bench watch
2025-04-14 22:36:42,178 INFO /usr/local/bin/bench start
2025-04-14 22:36:42,397 INFO /usr/local/bin/bench watch
2025-04-14 22:36:42,403 INFO /usr/local/bin/bench schedule
2025-04-14 22:36:42,404 INFO /usr/local/bin/bench worker
2025-04-14 22:36:42,408 INFO /usr/local/bin/bench serve --port 8000
2025-04-14 23:30:26,785 INFO /usr/local/bin/bench start
2025-04-14 23:30:26,974 INFO /usr/local/bin/bench watch
2025-04-14 23:30:26,977 INFO /usr/local/bin/bench serve --port 8000
2025-04-14 23:30:26,977 INFO /usr/local/bin/bench schedule
2025-04-14 23:30:26,988 INFO /usr/local/bin/bench worker
2025-04-14 23:31:17,681 INFO /usr/local/bin/bench start
2025-04-14 23:31:19,395 INFO /usr/local/bin/bench start
2025-04-14 23:31:24,535 INFO /usr/local/bin/bench start
2025-04-14 23:33:12,936 INFO /usr/local/bin/bench start
2025-04-14 23:33:25,086 INFO /usr/local/bin/bench start
2025-04-14 23:33:57,559 INFO /usr/local/bin/bench start
2025-04-14 23:34:32,018 INFO /usr/local/bin/bench start
2025-04-14 23:34:54,076 INFO /usr/local/bin/bench use hrpu.localhost
2025-04-14 23:35:03,348 INFO /usr/local/bin/bench use HRPU.localhost
2025-04-14 23:35:13,038 INFO /usr/local/bin/bench start
2025-04-14 23:35:43,422 INFO /usr/local/bin/bench start
2025-04-14 23:35:55,407 INFO /usr/local/bin/bench use HRPU.localhost
2025-04-14 23:35:58,913 INFO /usr/local/bin/bench start
2025-04-14 23:36:20,758 INFO /usr/local/bin/bench start
2025-04-14 23:38:50,243 INFO /usr/local/bin/bench start
2025-04-14 23:39:26,428 INFO /usr/local/bin/bench console
2025-04-14 23:39:51,013 INFO /usr/local/bin/bench use HRPU.localhost
2025-04-14 23:39:53,269 INFO /usr/local/bin/bench console
2025-04-14 23:40:01,101 INFO /usr/local/bin/bench start
2025-04-14 23:42:19,710 INFO /usr/local/bin/bench start
2025-04-14 23:42:19,966 INFO /usr/local/bin/bench worker
2025-04-14 23:42:19,976 INFO /usr/local/bin/bench schedule
2025-04-14 23:42:19,976 INFO /usr/local/bin/bench serve --port 8000
2025-04-14 23:42:19,980 INFO /usr/local/bin/bench watch
2025-04-14 23:51:27,534 INFO /usr/local/bin/bench console
2025-04-15 00:00:46,310 INFO /usr/local/bin/bench --site HRPU.localhost migrate
2025-04-15 00:01:07,279 INFO /usr/local/bin/bench start
2025-04-15 00:01:07,459 INFO /usr/local/bin/bench schedule
2025-04-15 00:01:07,468 INFO /usr/local/bin/bench worker
2025-04-15 00:01:07,468 INFO /usr/local/bin/bench serve --port 8000
2025-04-15 00:01:07,472 INFO /usr/local/bin/bench watch
2025-04-15 00:01:13,762 INFO /usr/local/bin/bench --site HRPU.localhost migrate
2025-04-15 00:01:36,522 INFO /usr/local/bin/bench --site HRPU.localhost clear-cache
2025-04-15 00:02:33,967 INFO /usr/local/bin/bench --site HRPU.localhost console
2025-04-15 00:03:25,917 INFO /usr/local/bin/bench --site HRPU.localhost console
2025-04-15 00:04:13,697 INFO /usr/local/bin/bench --site HRPU.localhost migrate
2025-04-15 00:04:28,584 INFO /usr/local/bin/bench --site HRPU.localhost clear-cache
2025-04-15 00:04:32,016 INFO /usr/local/bin/bench start
2025-04-15 00:04:49,821 INFO /usr/local/bin/bench start
2025-04-15 00:04:49,990 INFO /usr/local/bin/bench watch
2025-04-15 00:04:49,997 INFO /usr/local/bin/bench serve --port 8000
2025-04-15 00:04:50,006 INFO /usr/local/bin/bench schedule
2025-04-15 00:04:50,010 INFO /usr/local/bin/bench worker
2025-04-15 00:09:09,947 INFO /usr/local/bin/bench --site HRPU.localhost console
2025-04-15 00:15:49,768 INFO /usr/local/bin/bench --site HRPU.localhost console
2025-04-15 00:27:04,158 INFO /usr/local/bin/bench --site HRPU.localhost migrate
2025-04-15 00:27:19,973 INFO /usr/local/bin/bench --site HRPU.localhost clear-cache
2025-04-15 00:27:23,476 INFO /usr/local/bin/bench start
2025-04-15 00:27:28,815 INFO /usr/local/bin/bench start
2025-04-15 00:27:29,022 INFO /usr/local/bin/bench watch
2025-04-15 00:27:29,024 INFO /usr/local/bin/bench serve --port 8000
2025-04-15 00:27:29,051 INFO /usr/local/bin/bench worker
2025-04-15 00:27:29,059 INFO /usr/local/bin/bench schedule
2025-04-15 01:33:08,364 INFO /usr/local/bin/bench console
2025-04-15 01:51:38,508 INFO /usr/local/bin/bench console
2025-04-15 03:25:59,323 INFO /usr/local/bin/bench console
2025-04-15 03:26:12,707 INFO /usr/local/bin/bench console
2025-04-15 05:15:43,934 INFO /usr/local/bin/bench start
2025-04-15 05:15:44,161 INFO /usr/local/bin/bench serve --port 8000
2025-04-15 05:15:44,167 INFO /usr/local/bin/bench worker
2025-04-15 05:15:44,167 INFO /usr/local/bin/bench schedule
2025-04-15 05:15:44,167 INFO /usr/local/bin/bench watch
2025-04-15 07:00:19,911 INFO /usr/local/bin/bench console
2025-04-15 07:00:27,376 INFO /usr/local/bin/bench console
2025-04-15 10:33:24,177 INFO /usr/local/bin/bench start
2025-04-15 10:33:24,400 INFO /usr/local/bin/bench schedule
2025-04-15 10:33:24,403 INFO /usr/local/bin/bench worker
2025-04-15 10:33:24,410 INFO /usr/local/bin/bench watch
2025-04-15 10:33:24,414 INFO /usr/local/bin/bench serve --port 8000
2025-04-16 00:22:25,137 INFO /usr/local/bin/bench console
2025-04-16 00:22:32,860 INFO /usr/local/bin/bench start
2025-04-16 00:22:33,073 INFO /usr/local/bin/bench worker
2025-04-16 00:22:33,074 INFO /usr/local/bin/bench watch
2025-04-16 00:22:33,075 INFO /usr/local/bin/bench serve --port 8000
2025-04-16 00:22:33,077 INFO /usr/local/bin/bench schedule
2025-04-16 00:50:44,420 INFO /usr/local/bin/bench console
2025-04-16 00:59:39,151 INFO /usr/local/bin/bench start
2025-04-16 00:59:39,411 INFO /usr/local/bin/bench schedule
2025-04-16 00:59:39,411 INFO /usr/local/bin/bench watch
2025-04-16 00:59:39,418 INFO /usr/local/bin/bench serve --port 8000
2025-04-16 00:59:39,420 INFO /usr/local/bin/bench worker
2025-04-16 01:37:14,874 INFO /usr/local/bin/bench start
2025-04-16 01:37:16,735 INFO /usr/local/bin/bench schedule
2025-04-16 01:37:16,884 INFO /usr/local/bin/bench worker
2025-04-16 01:37:18,776 INFO /usr/local/bin/bench watch
2025-04-16 01:37:19,365 INFO /usr/local/bin/bench serve --port 8000
2025-04-16 05:57:40,529 INFO /usr/local/bin/bench start
2025-04-16 05:57:47,072 INFO /usr/local/bin/bench schedule
2025-04-16 05:57:47,158 INFO /usr/local/bin/bench watch
2025-04-16 05:57:47,197 INFO /usr/local/bin/bench serve --port 8000
2025-04-16 05:57:47,231 INFO /usr/local/bin/bench worker
2025-04-16 07:12:29,878 INFO /usr/local/bin/bench start
2025-04-16 07:20:41,017 INFO /usr/local/bin/bench start
2025-04-16 07:20:41,284 INFO /usr/local/bin/bench watch
2025-04-16 07:20:41,285 INFO /usr/local/bin/bench schedule
2025-04-16 07:20:41,287 INFO /usr/local/bin/bench worker
2025-04-16 07:20:41,292 INFO /usr/local/bin/bench serve --port 8000
2025-04-16 09:21:24,376 INFO /usr/local/bin/bench start
2025-04-16 09:21:24,626 INFO /usr/local/bin/bench worker
2025-04-16 09:21:24,636 INFO /usr/local/bin/bench serve --port 8000
2025-04-16 09:21:24,639 INFO /usr/local/bin/bench watch
2025-04-16 09:21:24,643 INFO /usr/local/bin/bench schedule
2025-04-16 19:32:20,952 INFO /usr/local/bin/bench start
2025-04-16 19:32:21,277 INFO /usr/local/bin/bench worker
2025-04-16 19:32:21,277 INFO /usr/local/bin/bench serve --port 8000
2025-04-16 19:32:21,281 INFO /usr/local/bin/bench schedule
2025-04-16 19:32:21,281 INFO /usr/local/bin/bench watch
2025-04-16 21:51:57,193 INFO /usr/local/bin/bench start
2025-04-16 21:51:57,496 INFO /usr/local/bin/bench schedule
2025-04-16 21:51:57,498 INFO /usr/local/bin/bench worker
2025-04-16 21:51:57,502 INFO /usr/local/bin/bench serve --port 8000
2025-04-16 21:51:57,506 INFO /usr/local/bin/bench watch
2025-04-16 22:34:23,213 INFO /usr/local/bin/bench --site HRPU.localhost mariadb
2025-04-16 22:39:42,439 INFO /usr/local/bin/bench start
2025-04-16 22:39:42,718 INFO /usr/local/bin/bench worker
2025-04-16 22:39:42,739 INFO /usr/local/bin/bench serve --port 8000
2025-04-16 22:39:42,742 INFO /usr/local/bin/bench schedule
2025-04-16 22:39:42,744 INFO /usr/local/bin/bench watch
2025-04-17 03:09:59,581 INFO /usr/local/bin/bench --site HRPU.localhost mariadb
2025-04-17 03:11:12,634 INFO /usr/local/bin/bench --site HRPU.localhost mysql
2025-04-17 03:25:19,966 INFO /usr/local/bin/bench start
2025-04-17 03:25:20,355 INFO /usr/local/bin/bench serve --port 8000
2025-04-17 03:25:20,360 INFO /usr/local/bin/bench schedule
2025-04-17 03:25:20,368 INFO /usr/local/bin/bench watch
2025-04-17 03:25:20,374 INFO /usr/local/bin/bench worker
2025-04-17 03:38:48,224 INFO /usr/local/bin/bench start
2025-04-17 03:38:48,436 INFO /usr/local/bin/bench watch
2025-04-17 03:38:48,440 INFO /usr/local/bin/bench worker
2025-04-17 03:38:48,441 INFO /usr/local/bin/bench schedule
2025-04-17 03:38:48,443 INFO /usr/local/bin/bench serve --port 8000
2025-04-17 04:20:47,839 INFO /usr/local/bin/bench start
2025-04-17 04:20:48,131 INFO /usr/local/bin/bench serve --port 8000
2025-04-17 04:20:48,138 INFO /usr/local/bin/bench schedule
2025-04-17 04:20:48,138 INFO /usr/local/bin/bench worker
2025-04-17 04:20:48,148 INFO /usr/local/bin/bench watch
2025-04-17 10:46:33,196 INFO /usr/local/bin/bench start
2025-04-17 10:46:33,486 INFO /usr/local/bin/bench schedule
2025-04-17 10:46:33,489 INFO /usr/local/bin/bench watch
2025-04-17 10:46:33,490 INFO /usr/local/bin/bench serve --port 8000
2025-04-17 10:46:33,494 INFO /usr/local/bin/bench worker
2025-04-17 11:37:45,593 INFO /usr/local/bin/bench start
2025-04-17 11:37:45,940 INFO /usr/local/bin/bench watch
2025-04-17 11:37:45,949 INFO /usr/local/bin/bench schedule
2025-04-17 11:37:45,952 INFO /usr/local/bin/bench serve --port 8000
2025-04-17 11:37:45,952 INFO /usr/local/bin/bench worker
2025-04-19 03:56:49,135 INFO /usr/local/bin/bench start
2025-04-19 03:56:49,404 INFO /usr/local/bin/bench serve --port 8000
2025-04-19 03:56:49,408 INFO /usr/local/bin/bench schedule
2025-04-19 03:56:49,411 INFO /usr/local/bin/bench watch
2025-04-19 03:56:49,414 INFO /usr/local/bin/bench worker
2025-04-19 04:46:13,762 INFO /usr/local/bin/bench pip install jedi==0.17.2 pygls==0.10.2
2025-04-19 04:47:37,356 INFO /usr/local/bin/bench start
2025-04-19 04:47:37,676 INFO /usr/local/bin/bench worker
2025-04-19 04:47:37,676 INFO /usr/local/bin/bench serve --port 8000
2025-04-19 04:47:37,677 INFO /usr/local/bin/bench watch
2025-04-19 04:47:37,680 INFO /usr/local/bin/bench schedule
2025-04-19 04:48:33,099 INFO /usr/local/bin/bench start
2025-04-19 04:48:33,366 INFO /usr/local/bin/bench schedule
2025-04-19 04:48:33,371 INFO /usr/local/bin/bench serve --port 8000
2025-04-19 04:48:33,372 INFO /usr/local/bin/bench worker
2025-04-19 04:48:33,373 INFO /usr/local/bin/bench watch
2025-04-19 04:49:01,194 INFO /usr/local/bin/bench start
2025-04-19 04:49:01,452 INFO /usr/local/bin/bench schedule
2025-04-19 04:49:01,459 INFO /usr/local/bin/bench worker
2025-04-19 04:49:01,464 INFO /usr/local/bin/bench serve --port 8000
2025-04-19 04:49:01,470 INFO /usr/local/bin/bench watch
2025-04-19 04:50:30,474 INFO /usr/local/bin/bench start
2025-04-19 04:50:30,730 INFO /usr/local/bin/bench worker
2025-04-19 04:50:30,746 INFO /usr/local/bin/bench serve --port 8000
2025-04-19 04:50:30,753 INFO /usr/local/bin/bench watch
2025-04-19 04:50:30,754 INFO /usr/local/bin/bench schedule
2025-04-19 04:50:54,294 INFO /usr/local/bin/bench start
2025-04-19 04:50:54,558 INFO /usr/local/bin/bench watch
2025-04-19 04:50:54,559 INFO /usr/local/bin/bench serve --port 8000
2025-04-19 04:50:54,564 INFO /usr/local/bin/bench schedule
2025-04-19 04:50:54,572 INFO /usr/local/bin/bench worker
2025-04-19 04:51:07,123 INFO /usr/local/bin/bench start
2025-04-19 04:51:07,370 INFO /usr/local/bin/bench worker
2025-04-19 04:51:07,378 INFO /usr/local/bin/bench schedule
2025-04-19 04:51:07,383 INFO /usr/local/bin/bench serve --port 8000
2025-04-19 04:51:07,385 INFO /usr/local/bin/bench watch
2025-04-19 04:52:12,886 INFO /usr/local/bin/bench start
2025-04-19 04:52:13,119 INFO /usr/local/bin/bench watch
2025-04-19 04:52:13,120 INFO /usr/local/bin/bench schedule
2025-04-19 04:52:13,125 INFO /usr/local/bin/bench worker
2025-04-19 04:52:13,129 INFO /usr/local/bin/bench serve --port 8000
2025-04-19 04:52:21,829 INFO /usr/local/bin/bench start
2025-04-19 04:52:22,071 INFO /usr/local/bin/bench serve --port 8000
2025-04-19 04:52:22,073 INFO /usr/local/bin/bench schedule
2025-04-19 04:52:22,078 INFO /usr/local/bin/bench watch
2025-04-19 04:52:22,079 INFO /usr/local/bin/bench worker
2025-04-19 04:52:24,102 INFO /usr/local/bin/bench start
2025-04-19 04:52:24,340 INFO /usr/local/bin/bench serve --port 8000
2025-04-19 04:52:24,352 INFO /usr/local/bin/bench watch
2025-04-19 04:52:24,359 INFO /usr/local/bin/bench schedule
2025-04-19 04:52:24,363 INFO /usr/local/bin/bench worker
2025-04-19 04:54:09,828 INFO /usr/local/bin/bench start
2025-04-19 04:54:10,074 INFO /usr/local/bin/bench watch
2025-04-19 04:54:10,084 INFO /usr/local/bin/bench serve --port 8000
2025-04-19 04:54:10,085 INFO /usr/local/bin/bench schedule
2025-04-19 04:54:10,089 INFO /usr/local/bin/bench worker
2025-04-19 04:57:07,353 INFO /usr/local/bin/bench start
2025-04-19 04:57:07,635 INFO /usr/local/bin/bench schedule
2025-04-19 04:57:07,637 INFO /usr/local/bin/bench worker
2025-04-19 04:57:07,640 INFO /usr/local/bin/bench serve --port 8000
2025-04-19 04:57:07,640 INFO /usr/local/bin/bench watch
2025-04-19 04:59:00,604 INFO /usr/local/bin/bench start
2025-04-19 04:59:00,858 INFO /usr/local/bin/bench schedule
2025-04-19 04:59:00,858 INFO /usr/local/bin/bench serve --port 8000
2025-04-19 04:59:00,866 INFO /usr/local/bin/bench watch
2025-04-19 04:59:00,867 INFO /usr/local/bin/bench worker
2025-04-19 04:59:35,758 INFO /usr/local/bin/bench start
2025-04-19 04:59:35,984 INFO /usr/local/bin/bench serve --port 8000
2025-04-19 04:59:35,994 INFO /usr/local/bin/bench watch
2025-04-19 04:59:35,997 INFO /usr/local/bin/bench schedule
2025-04-19 04:59:35,998 INFO /usr/local/bin/bench worker
2025-04-19 05:00:36,191 INFO /usr/local/bin/bench start
2025-04-19 05:00:36,433 INFO /usr/local/bin/bench watch
2025-04-19 05:00:36,436 INFO /usr/local/bin/bench worker
2025-04-19 05:00:36,450 INFO /usr/local/bin/bench serve --port 8000
2025-04-19 05:00:36,452 INFO /usr/local/bin/bench schedule
2025-04-19 05:01:13,207 INFO /usr/local/bin/bench start
2025-04-19 05:01:13,480 INFO /usr/local/bin/bench worker
2025-04-19 05:01:13,490 INFO /usr/local/bin/bench watch
2025-04-19 05:01:13,490 INFO /usr/local/bin/bench serve --port 8000
2025-04-19 05:01:13,491 INFO /usr/local/bin/bench schedule
2025-04-19 05:02:11,488 INFO /usr/local/bin/bench start
2025-04-19 05:02:11,739 INFO /usr/local/bin/bench serve --port 8000
2025-04-19 05:02:11,739 INFO /usr/local/bin/bench watch
2025-04-19 05:02:11,743 INFO /usr/local/bin/bench schedule
2025-04-19 05:02:11,756 INFO /usr/local/bin/bench worker
2025-04-19 05:04:12,426 INFO /usr/local/bin/bench start
2025-04-19 05:04:12,665 INFO /usr/local/bin/bench serve --port 8000
2025-04-19 05:04:12,679 INFO /usr/local/bin/bench schedule
2025-04-19 05:04:12,689 INFO /usr/local/bin/bench watch
2025-04-19 05:04:12,696 INFO /usr/local/bin/bench worker
2025-04-19 05:15:30,268 INFO /usr/local/bin/bench start
2025-04-19 05:15:30,532 INFO /usr/local/bin/bench schedule
2025-04-19 05:15:30,539 INFO /usr/local/bin/bench watch
2025-04-19 05:15:30,542 INFO /usr/local/bin/bench serve --port 8000
2025-04-19 05:15:30,544 INFO /usr/local/bin/bench worker
2025-04-19 05:15:47,164 INFO /usr/local/bin/bench start
2025-04-19 05:15:47,420 INFO /usr/local/bin/bench watch
2025-04-19 05:15:47,424 INFO /usr/local/bin/bench serve --port 8000
2025-04-19 05:15:47,424 INFO /usr/local/bin/bench schedule
2025-04-19 05:15:47,447 INFO /usr/local/bin/bench worker
2025-04-19 05:16:05,854 INFO /usr/local/bin/bench start
2025-04-19 05:16:06,116 INFO /usr/local/bin/bench serve --port 8000
2025-04-19 05:16:06,124 INFO /usr/local/bin/bench watch
2025-04-19 05:16:06,125 INFO /usr/local/bin/bench schedule
2025-04-19 05:16:06,132 INFO /usr/local/bin/bench worker
2025-04-19 05:16:15,549 INFO /usr/local/bin/bench start
2025-04-19 05:16:15,802 INFO /usr/local/bin/bench worker
2025-04-19 05:16:15,807 INFO /usr/local/bin/bench watch
2025-04-19 05:16:15,813 INFO /usr/local/bin/bench serve --port 8000
2025-04-19 05:16:15,814 INFO /usr/local/bin/bench schedule
2025-04-19 05:18:45,986 INFO /usr/local/bin/bench start
2025-04-19 05:18:46,234 INFO /usr/local/bin/bench watch
2025-04-19 05:18:46,234 INFO /usr/local/bin/bench worker
2025-04-19 05:18:46,236 INFO /usr/local/bin/bench schedule
2025-04-19 05:18:46,238 INFO /usr/local/bin/bench serve --port 8000
2025-04-19 05:19:28,346 INFO /usr/local/bin/bench start
2025-04-19 05:19:28,602 INFO /usr/local/bin/bench schedule
2025-04-19 05:19:28,607 INFO /usr/local/bin/bench watch
2025-04-19 05:19:28,607 INFO /usr/local/bin/bench serve --port 8000
2025-04-19 05:19:28,608 INFO /usr/local/bin/bench worker
2025-04-19 05:19:36,426 INFO /usr/local/bin/bench start
2025-04-19 05:19:36,699 INFO /usr/local/bin/bench watch
2025-04-19 05:19:36,699 INFO /usr/local/bin/bench schedule
2025-04-19 05:19:36,701 INFO /usr/local/bin/bench worker
2025-04-19 05:19:36,703 INFO /usr/local/bin/bench serve --port 8000
2025-04-19 05:20:13,459 INFO /usr/local/bin/bench start
2025-04-19 05:20:13,713 INFO /usr/local/bin/bench serve --port 8000
2025-04-19 05:20:13,713 INFO /usr/local/bin/bench worker
2025-04-19 05:20:13,720 INFO /usr/local/bin/bench watch
2025-04-19 05:20:13,740 INFO /usr/local/bin/bench schedule
2025-04-19 05:20:17,205 INFO /usr/local/bin/bench start
2025-04-19 05:20:17,518 INFO /usr/local/bin/bench serve --port 8000
2025-04-19 05:20:17,529 INFO /usr/local/bin/bench schedule
2025-04-19 05:20:17,547 INFO /usr/local/bin/bench watch
2025-04-19 05:20:17,549 INFO /usr/local/bin/bench worker
2025-04-19 05:21:02,463 INFO /usr/local/bin/bench start
2025-04-19 05:21:02,735 INFO /usr/local/bin/bench watch
2025-04-19 05:21:02,735 INFO /usr/local/bin/bench serve --port 8000
2025-04-19 05:21:02,737 INFO /usr/local/bin/bench schedule
2025-04-19 05:21:02,738 INFO /usr/local/bin/bench worker
2025-04-19 05:21:33,082 INFO /usr/local/bin/bench start
2025-04-19 05:21:33,318 INFO /usr/local/bin/bench watch
2025-04-19 05:21:33,325 INFO /usr/local/bin/bench serve --port 8000
2025-04-19 05:21:33,326 INFO /usr/local/bin/bench schedule
2025-04-19 05:21:33,331 INFO /usr/local/bin/bench worker
2025-04-19 05:21:48,353 INFO /usr/local/bin/bench start
2025-04-19 05:21:48,635 INFO /usr/local/bin/bench worker
2025-04-19 05:21:48,636 INFO /usr/local/bin/bench watch
2025-04-19 05:21:48,646 INFO /usr/local/bin/bench serve --port 8000
2025-04-19 05:21:48,668 INFO /usr/local/bin/bench schedule
2025-04-19 05:22:13,073 INFO /usr/local/bin/bench start
2025-04-19 05:22:13,354 INFO /usr/local/bin/bench watch
2025-04-19 05:22:13,356 INFO /usr/local/bin/bench serve --port 8000
2025-04-19 05:22:13,357 INFO /usr/local/bin/bench schedule
2025-04-19 05:22:13,358 INFO /usr/local/bin/bench worker
2025-04-19 05:22:16,172 INFO /usr/local/bin/bench start
2025-04-19 05:22:16,422 INFO /usr/local/bin/bench watch
2025-04-19 05:22:16,424 INFO /usr/local/bin/bench serve --port 8000
2025-04-19 05:22:16,429 INFO /usr/local/bin/bench schedule
2025-04-19 05:22:16,440 INFO /usr/local/bin/bench worker
2025-04-19 05:26:22,403 INFO /usr/local/bin/bench start
2025-04-19 05:26:22,655 INFO /usr/local/bin/bench serve --port 8000
2025-04-19 05:26:22,666 INFO /usr/local/bin/bench watch
2025-04-19 05:26:22,674 INFO /usr/local/bin/bench schedule
2025-04-19 05:26:22,689 INFO /usr/local/bin/bench worker
2025-04-19 05:26:41,984 INFO /usr/local/bin/bench start
2025-04-19 05:26:42,247 INFO /usr/local/bin/bench watch
2025-04-19 05:26:42,247 INFO /usr/local/bin/bench worker
2025-04-19 05:26:42,250 INFO /usr/local/bin/bench serve --port 8000
2025-04-19 05:26:42,252 INFO /usr/local/bin/bench schedule
2025-04-19 05:28:28,020 INFO /usr/local/bin/bench start
2025-04-19 05:28:28,271 INFO /usr/local/bin/bench serve --port 8000
2025-04-19 05:28:28,276 INFO /usr/local/bin/bench worker
2025-04-19 05:28:28,285 INFO /usr/local/bin/bench watch
2025-04-19 05:28:28,346 INFO /usr/local/bin/bench schedule
2025-04-19 05:40:27,206 INFO /usr/local/bin/bench start
2025-04-19 05:40:27,455 INFO /usr/local/bin/bench worker
2025-04-19 05:40:27,458 INFO /usr/local/bin/bench watch
2025-04-19 05:40:27,462 INFO /usr/local/bin/bench schedule
2025-04-19 05:40:27,464 INFO /usr/local/bin/bench serve --port 8000
2025-04-19 17:28:00,719 INFO /usr/local/bin/bench start
2025-04-19 17:28:01,027 INFO /usr/local/bin/bench watch
2025-04-19 17:28:01,035 INFO /usr/local/bin/bench worker
2025-04-19 17:28:01,037 INFO /usr/local/bin/bench schedule
2025-04-19 17:28:01,044 INFO /usr/local/bin/bench serve --port 8000
2025-04-19 23:44:12,675 INFO /usr/local/bin/bench start
2025-04-19 23:44:12,974 INFO /usr/local/bin/bench serve --port 8000
2025-04-19 23:44:12,981 INFO /usr/local/bin/bench schedule
2025-04-19 23:44:12,983 INFO /usr/local/bin/bench watch
2025-04-19 23:44:13,002 INFO /usr/local/bin/bench worker
2025-04-19 23:59:36,359 INFO /usr/local/bin/bench start
2025-04-19 23:59:36,574 INFO /usr/local/bin/bench watch
2025-04-19 23:59:36,584 INFO /usr/local/bin/bench worker
2025-04-19 23:59:36,589 INFO /usr/local/bin/bench serve --port 8000
2025-04-19 23:59:36,593 INFO /usr/local/bin/bench schedule
2025-04-20 05:57:59,100 INFO /usr/local/bin/bench start
2025-04-20 05:57:59,619 INFO /usr/local/bin/bench worker
2025-04-20 05:57:59,624 INFO /usr/local/bin/bench schedule
2025-04-20 05:57:59,647 INFO /usr/local/bin/bench serve --port 8000
2025-04-20 05:57:59,650 INFO /usr/local/bin/bench watch
2025-04-20 05:59:47,115 INFO /usr/local/bin/bench start
2025-04-20 05:59:47,527 INFO /usr/local/bin/bench serve --port 8000
2025-04-20 05:59:47,532 INFO /usr/local/bin/bench schedule
2025-04-20 05:59:47,534 INFO /usr/local/bin/bench watch
2025-04-20 05:59:47,544 INFO /usr/local/bin/bench worker
2025-04-20 20:31:34,175 INFO /usr/local/bin/bench start
2025-04-20 20:31:34,547 INFO /usr/local/bin/bench serve --port 8000
2025-04-20 20:31:34,553 INFO /usr/local/bin/bench schedule
2025-04-20 20:31:34,554 INFO /usr/local/bin/bench worker
2025-04-20 20:31:34,557 INFO /usr/local/bin/bench watch
2025-04-20 21:18:54,026 INFO /usr/local/bin/bench start
2025-04-20 21:18:54,348 INFO /usr/local/bin/bench serve --port 8000
2025-04-20 21:18:54,350 INFO /usr/local/bin/bench watch
2025-04-20 21:18:54,365 INFO /usr/local/bin/bench schedule
2025-04-20 21:18:54,384 INFO /usr/local/bin/bench worker
2025-04-20 21:21:30,841 INFO /usr/local/bin/bench start
2025-04-20 21:21:31,153 INFO /usr/local/bin/bench worker
2025-04-20 21:21:31,160 INFO /usr/local/bin/bench schedule
2025-04-20 21:21:31,169 INFO /usr/local/bin/bench serve --port 8000
2025-04-20 21:21:31,171 INFO /usr/local/bin/bench watch
2025-04-20 21:48:42,652 INFO /usr/local/bin/bench start
2025-04-20 21:48:43,102 INFO /usr/local/bin/bench watch
2025-04-20 21:48:43,103 INFO /usr/local/bin/bench serve --port 8000
2025-04-20 21:48:43,105 INFO /usr/local/bin/bench schedule
2025-04-20 21:48:43,110 INFO /usr/local/bin/bench worker
2025-04-20 22:58:00,530 INFO /usr/local/bin/bench console
2025-04-20 23:02:30,887 INFO /usr/local/bin/bench start
2025-04-20 23:02:31,197 INFO /usr/local/bin/bench watch
2025-04-20 23:02:31,200 INFO /usr/local/bin/bench schedule
2025-04-20 23:02:31,200 INFO /usr/local/bin/bench serve --port 8000
2025-04-20 23:02:31,202 INFO /usr/local/bin/bench worker
2025-04-20 23:16:19,160 INFO /usr/local/bin/bench console
2025-04-21 01:57:36,072 INFO /usr/local/bin/bench start
2025-04-21 01:57:36,436 INFO /usr/local/bin/bench serve --port 8000
2025-04-21 01:57:36,439 INFO /usr/local/bin/bench schedule
2025-04-21 01:57:36,452 INFO /usr/local/bin/bench watch
2025-04-21 01:57:36,459 INFO /usr/local/bin/bench worker
2025-04-21 03:11:50,296 INFO /usr/local/bin/bench start
2025-04-21 03:11:50,833 INFO /usr/local/bin/bench watch
2025-04-21 03:11:50,839 INFO /usr/local/bin/bench serve --port 8000
2025-04-21 03:11:50,849 INFO /usr/local/bin/bench worker
2025-04-21 03:11:50,849 INFO /usr/local/bin/bench schedule
2025-04-21 03:14:41,955 INFO /usr/local/bin/bench start
2025-04-21 03:14:42,365 INFO /usr/local/bin/bench worker
2025-04-21 03:14:42,368 INFO /usr/local/bin/bench serve --port 8000
2025-04-21 03:14:42,385 INFO /usr/local/bin/bench schedule
2025-04-21 03:14:42,394 INFO /usr/local/bin/bench watch
2025-04-21 03:21:19,304 INFO /usr/local/bin/bench start
2025-04-21 03:21:19,706 INFO /usr/local/bin/bench watch
2025-04-21 03:21:19,710 INFO /usr/local/bin/bench schedule
2025-04-21 03:21:19,713 INFO /usr/local/bin/bench worker
2025-04-21 03:21:19,716 INFO /usr/local/bin/bench serve --port 8000
2025-04-21 19:30:04,404 INFO /usr/local/bin/bench start
2025-04-21 19:30:04,703 INFO /usr/local/bin/bench watch
2025-04-21 19:30:04,703 INFO /usr/local/bin/bench schedule
2025-04-21 19:30:04,704 INFO /usr/local/bin/bench serve --port 8000
2025-04-21 19:30:04,721 INFO /usr/local/bin/bench worker
2025-04-21 20:11:17,447 INFO /usr/local/bin/bench start
2025-04-21 20:11:17,742 INFO /usr/local/bin/bench serve --port 8000
2025-04-21 20:11:17,746 INFO /usr/local/bin/bench schedule
2025-04-21 20:11:17,749 INFO /usr/local/bin/bench worker
2025-04-21 20:11:17,756 INFO /usr/local/bin/bench watch
2025-04-21 20:16:19,054 INFO /usr/local/bin/bench start
2025-04-21 20:16:19,282 INFO /usr/local/bin/bench serve --port 8000
2025-04-21 20:16:19,299 INFO /usr/local/bin/bench schedule
2025-04-21 20:16:19,301 INFO /usr/local/bin/bench worker
2025-04-21 20:16:19,308 INFO /usr/local/bin/bench watch
2025-04-21 20:16:32,184 INFO /usr/local/bin/bench start
2025-04-21 20:16:32,392 INFO /usr/local/bin/bench watch
2025-04-21 20:16:32,395 INFO /usr/local/bin/bench worker
2025-04-21 20:16:32,402 INFO /usr/local/bin/bench schedule
2025-04-21 20:16:32,403 INFO /usr/local/bin/bench serve --port 8000
2025-04-21 20:17:16,531 INFO /usr/local/bin/bench start
2025-04-21 20:17:16,753 INFO /usr/local/bin/bench watch
2025-04-21 20:17:16,760 INFO /usr/local/bin/bench serve --port 8000
2025-04-21 20:17:16,771 INFO /usr/local/bin/bench schedule
2025-04-21 20:17:16,782 INFO /usr/local/bin/bench worker
2025-04-21 20:17:59,541 INFO /usr/local/bin/bench start
2025-04-21 20:17:59,815 INFO /usr/local/bin/bench watch
2025-04-21 20:17:59,821 INFO /usr/local/bin/bench serve --port 8000
2025-04-21 20:17:59,821 INFO /usr/local/bin/bench schedule
2025-04-21 20:17:59,835 INFO /usr/local/bin/bench worker
2025-04-21 20:18:12,696 INFO /usr/local/bin/bench start
2025-04-21 20:18:12,940 INFO /usr/local/bin/bench serve --port 8000
2025-04-21 20:18:12,942 INFO /usr/local/bin/bench watch
2025-04-21 20:18:12,942 INFO /usr/local/bin/bench worker
2025-04-21 20:18:12,951 INFO /usr/local/bin/bench schedule
2025-04-21 20:19:26,065 INFO /usr/local/bin/bench start
2025-04-21 20:19:26,258 INFO /usr/local/bin/bench schedule
2025-04-21 20:19:26,262 INFO /usr/local/bin/bench worker
2025-04-21 20:19:26,275 INFO /usr/local/bin/bench serve --port 8000
2025-04-21 20:19:26,281 INFO /usr/local/bin/bench watch
2025-04-21 20:19:32,303 INFO /usr/local/bin/bench start
2025-04-21 20:19:32,499 INFO /usr/local/bin/bench schedule
2025-04-21 20:19:32,505 INFO /usr/local/bin/bench watch
2025-04-21 20:19:32,505 INFO /usr/local/bin/bench worker
2025-04-21 20:19:32,519 INFO /usr/local/bin/bench serve --port 8000
2025-04-21 20:19:41,494 INFO /usr/local/bin/bench start
2025-04-21 20:19:41,691 INFO /usr/local/bin/bench schedule
2025-04-21 20:19:41,691 INFO /usr/local/bin/bench worker
2025-04-21 20:19:41,693 INFO /usr/local/bin/bench serve --port 8000
2025-04-21 20:19:41,702 INFO /usr/local/bin/bench watch
2025-04-21 20:21:05,068 INFO /usr/local/bin/bench start
2025-04-21 20:21:05,277 INFO /usr/local/bin/bench serve --port 8000
2025-04-21 20:21:05,280 INFO /usr/local/bin/bench schedule
2025-04-21 20:21:05,284 INFO /usr/local/bin/bench worker
2025-04-21 20:21:05,293 INFO /usr/local/bin/bench watch
2025-04-21 20:21:14,920 INFO /usr/local/bin/bench start
2025-04-21 20:21:15,133 INFO /usr/local/bin/bench worker
2025-04-21 20:21:15,138 INFO /usr/local/bin/bench serve --port 8000
2025-04-21 20:21:15,151 INFO /usr/local/bin/bench schedule
2025-04-21 20:21:15,160 INFO /usr/local/bin/bench watch
2025-04-21 20:21:55,548 INFO /usr/local/bin/bench start
2025-04-21 20:21:55,771 INFO /usr/local/bin/bench serve --port 8000
2025-04-21 20:21:55,772 INFO /usr/local/bin/bench watch
2025-04-21 20:21:55,779 INFO /usr/local/bin/bench schedule
2025-04-21 20:21:55,779 INFO /usr/local/bin/bench worker
2025-04-21 20:22:31,781 INFO /usr/local/bin/bench start
2025-04-21 20:22:31,976 INFO /usr/local/bin/bench worker
2025-04-21 20:22:31,987 INFO /usr/local/bin/bench schedule
2025-04-21 20:22:31,987 INFO /usr/local/bin/bench serve --port 8000
2025-04-21 20:22:31,991 INFO /usr/local/bin/bench watch
2025-04-21 20:22:52,103 INFO /usr/local/bin/bench start
2025-04-21 20:22:52,337 INFO /usr/local/bin/bench watch
2025-04-21 20:22:52,339 INFO /usr/local/bin/bench serve --port 8000
2025-04-21 20:22:52,349 INFO /usr/local/bin/bench schedule
2025-04-21 20:22:52,350 INFO /usr/local/bin/bench worker
2025-04-21 20:23:14,992 INFO /usr/local/bin/bench start
2025-04-21 20:23:15,195 INFO /usr/local/bin/bench serve --port 8000
2025-04-21 20:23:15,201 INFO /usr/local/bin/bench schedule
2025-04-21 20:23:15,202 INFO /usr/local/bin/bench watch
2025-04-21 20:23:15,208 INFO /usr/local/bin/bench worker
2025-04-21 20:24:09,330 INFO /usr/local/bin/bench start
2025-04-21 20:24:09,546 INFO /usr/local/bin/bench worker
2025-04-21 20:24:09,553 INFO /usr/local/bin/bench serve --port 8000
2025-04-21 20:24:09,554 INFO /usr/local/bin/bench watch
2025-04-21 20:24:09,557 INFO /usr/local/bin/bench schedule
2025-04-21 20:26:04,574 INFO /usr/local/bin/bench start
2025-04-21 20:26:04,823 INFO /usr/local/bin/bench watch
2025-04-21 20:26:04,826 INFO /usr/local/bin/bench schedule
2025-04-21 20:26:04,827 INFO /usr/local/bin/bench serve --port 8000
2025-04-21 20:26:04,836 INFO /usr/local/bin/bench worker
2025-04-21 20:26:50,957 INFO /usr/local/bin/bench start
2025-04-21 20:26:51,152 INFO /usr/local/bin/bench worker
2025-04-21 20:26:51,161 INFO /usr/local/bin/bench schedule
2025-04-21 20:26:51,165 INFO /usr/local/bin/bench watch
2025-04-21 20:26:51,174 INFO /usr/local/bin/bench serve --port 8000
2025-04-21 20:37:52,949 INFO /usr/local/bin/bench start
2025-04-21 20:37:53,147 INFO /usr/local/bin/bench serve --port 8000
2025-04-21 20:37:53,152 INFO /usr/local/bin/bench watch
2025-04-21 20:37:53,158 INFO /usr/local/bin/bench schedule
2025-04-21 20:37:53,159 INFO /usr/local/bin/bench worker
2025-04-22 00:08:06,970 INFO /usr/local/bin/bench start
2025-04-22 00:08:07,356 INFO /usr/local/bin/bench serve --port 8000
2025-04-22 00:08:07,362 INFO /usr/local/bin/bench schedule
2025-04-22 00:08:07,364 INFO /usr/local/bin/bench watch
2025-04-22 00:08:07,379 INFO /usr/local/bin/bench worker
2025-04-22 03:23:31,512 INFO /usr/local/bin/bench start
2025-04-22 03:23:31,866 INFO /usr/local/bin/bench watch
2025-04-22 03:23:31,868 INFO /usr/local/bin/bench serve --port 8000
2025-04-22 03:23:31,875 INFO /usr/local/bin/bench worker
2025-04-22 03:23:31,881 INFO /usr/local/bin/bench schedule
2025-04-22 19:20:01,448 INFO /usr/local/bin/bench start
2025-04-22 19:20:01,818 INFO /usr/local/bin/bench serve --port 8000
2025-04-22 19:20:01,830 INFO /usr/local/bin/bench watch
2025-04-22 19:20:01,871 INFO /usr/local/bin/bench worker
2025-04-22 19:20:01,888 INFO /usr/local/bin/bench schedule
2025-04-22 19:49:38,789 INFO /usr/local/bin/bench start
2025-04-22 19:49:39,131 INFO /usr/local/bin/bench serve --port 8000
2025-04-22 19:49:39,138 INFO /usr/local/bin/bench worker
2025-04-22 19:49:39,141 INFO /usr/local/bin/bench watch
2025-04-22 19:49:39,149 INFO /usr/local/bin/bench schedule
2025-04-22 23:31:22,498 INFO /usr/local/bin/bench start
2025-04-22 23:31:22,909 INFO /usr/local/bin/bench serve --port 8000
2025-04-22 23:31:22,919 INFO /usr/local/bin/bench watch
2025-04-22 23:31:22,929 INFO /usr/local/bin/bench schedule
2025-04-22 23:31:22,946 INFO /usr/local/bin/bench worker
2025-04-23 19:50:10,126 INFO /usr/local/bin/bench start
2025-04-23 19:50:10,447 INFO /usr/local/bin/bench serve --port 8000
2025-04-23 19:50:10,458 INFO /usr/local/bin/bench worker
2025-04-23 19:50:10,460 INFO /usr/local/bin/bench schedule
2025-04-23 19:50:10,460 INFO /usr/local/bin/bench watch
2025-04-23 22:09:16,938 INFO /usr/local/bin/bench start
2025-04-23 22:09:17,139 INFO /usr/local/bin/bench watch
2025-04-23 22:09:17,142 INFO /usr/local/bin/bench serve --port 8000
2025-04-23 22:09:17,151 INFO /usr/local/bin/bench worker
2025-04-23 22:09:17,151 INFO /usr/local/bin/bench schedule
2025-04-24 23:44:05,726 INFO /usr/local/bin/bench start
2025-04-24 23:44:06,054 INFO /usr/local/bin/bench watch
2025-04-24 23:44:06,057 INFO /usr/local/bin/bench schedule
2025-04-24 23:44:06,062 INFO /usr/local/bin/bench serve --port 8000
2025-04-24 23:44:06,065 INFO /usr/local/bin/bench worker
2025-04-25 01:44:48,484 INFO /usr/local/bin/bench start
2025-04-25 01:44:48,781 INFO /usr/local/bin/bench serve --port 8000
2025-04-25 01:44:48,793 INFO /usr/local/bin/bench worker
2025-04-25 01:44:48,802 INFO /usr/local/bin/bench schedule
2025-04-25 01:44:48,813 INFO /usr/local/bin/bench watch
2025-04-25 22:13:30,593 INFO /usr/local/bin/bench start
2025-04-25 22:13:30,789 INFO /usr/local/bin/bench watch
2025-04-25 22:13:30,791 INFO /usr/local/bin/bench schedule
2025-04-25 22:13:30,793 INFO /usr/local/bin/bench serve --port 8000
2025-04-25 22:13:30,795 INFO /usr/local/bin/bench worker
2025-04-26 21:12:14,903 INFO /usr/local/bin/bench starat
2025-04-26 21:12:19,006 INFO /usr/local/bin/bench start
2025-04-26 21:12:19,331 INFO /usr/local/bin/bench watch
2025-04-26 21:12:19,335 INFO /usr/local/bin/bench serve --port 8000
2025-04-26 21:12:19,352 INFO /usr/local/bin/bench worker
2025-04-26 21:12:19,355 INFO /usr/local/bin/bench schedule
2025-04-26 22:25:34,563 INFO /usr/local/bin/bench start
2025-04-26 22:25:34,827 INFO /usr/local/bin/bench worker
2025-04-26 22:25:34,836 INFO /usr/local/bin/bench serve --port 8000
2025-04-26 22:25:34,844 INFO /usr/local/bin/bench schedule
2025-04-26 22:25:34,857 INFO /usr/local/bin/bench watch
2025-04-27 21:26:50,646 INFO /usr/local/bin/bench start
2025-04-27 21:26:51,062 INFO /usr/local/bin/bench serve --port 8000
2025-04-27 21:26:51,062 INFO /usr/local/bin/bench schedule
2025-04-27 21:26:51,064 INFO /usr/local/bin/bench worker
2025-04-27 21:26:51,071 INFO /usr/local/bin/bench watch
2025-04-28 00:41:57,196 INFO /usr/local/bin/bench start
2025-04-28 00:41:57,518 INFO /usr/local/bin/bench worker
2025-04-28 00:41:57,540 INFO /usr/local/bin/bench serve --port 8000
2025-04-28 00:41:57,555 INFO /usr/local/bin/bench watch
2025-04-28 00:41:57,564 INFO /usr/local/bin/bench schedule
2025-05-02 00:05:53,945 INFO /usr/local/bin/bench start
2025-05-02 00:05:54,211 INFO /usr/local/bin/bench schedule
2025-05-02 00:05:54,216 INFO /usr/local/bin/bench watch
2025-05-02 00:05:54,220 INFO /usr/local/bin/bench worker
2025-05-02 00:05:54,224 INFO /usr/local/bin/bench serve --port 8000
2025-05-02 00:10:08,472 INFO /usr/local/bin/bench new-app Education
2025-05-02 00:10:08,475 LOG creating new app education
2025-05-02 00:11:29,158 WARNING /usr/local/bin/bench new-app Education executed with exit code 1
2025-05-02 01:08:02,815 INFO /usr/local/bin/bench --site HRPU.localhost install-app Education
2025-05-02 01:08:52,961 INFO /usr/local/bin/bench --site HRPU.localhost install-app Education
2025-05-02 01:09:22,895 INFO /usr/local/bin/bench --site HRPU.localhost install-app Education
2025-05-02 01:09:42,019 INFO /usr/local/bin/bench start
2025-05-02 01:09:42,267 INFO /usr/local/bin/bench serve --port 8000
2025-05-02 01:09:42,272 INFO /usr/local/bin/bench watch
2025-05-02 01:09:42,282 INFO /usr/local/bin/bench schedule
2025-05-02 01:09:42,292 INFO /usr/local/bin/bench worker
2025-05-02 01:09:57,273 INFO /usr/local/bin/bench --site HRPU.localhost install-app Education
2025-05-02 01:11:02,097 INFO /usr/local/bin/bench --site HRPU.localhost install-app education
2025-05-02 01:11:47,705 INFO /usr/local/bin/bench --site hrpu.localhost install-app education
2025-05-02 01:12:05,521 INFO /usr/local/bin/bench --site HRU.localhost install-app education
2025-05-02 01:12:14,560 INFO /usr/local/bin/bench --site HRPU.localhost install-app education
2025-05-02 01:12:58,093 INFO /usr/local/bin/bench new-app Edu
2025-05-02 01:12:58,097 LOG creating new app edu
2025-05-02 01:13:53,361 WARNING /usr/local/bin/bench new-app Edu executed with exit code 1
2025-05-02 01:13:56,408 INFO A newer version of bench is available: 5.23.0 → 5.24.1
2025-05-02 01:14:14,027 INFO /usr/local/bin/bench --site HRPU.localhost install-app edu
2025-05-02 21:33:38,052 INFO /usr/local/bin/bench start
2025-05-02 21:33:38,358 INFO /usr/local/bin/bench worker
2025-05-02 21:33:38,359 INFO /usr/local/bin/bench schedule
2025-05-02 21:33:38,359 INFO /usr/local/bin/bench serve --port 8000
2025-05-02 21:33:38,366 INFO /usr/local/bin/bench watch
2025-05-03 03:14:27,659 INFO /usr/local/bin/bench start
2025-05-03 03:14:33,026 INFO /usr/local/bin/bench start
2025-05-03 03:14:42,271 INFO /usr/local/bin/bench start
2025-05-03 03:15:08,327 INFO /usr/local/bin/bench start
2025-05-03 03:15:21,407 INFO /usr/local/bin/bench start
2025-05-03 03:15:43,648 INFO /usr/local/bin/bench start
2025-05-03 03:15:51,641 INFO /usr/local/bin/bench start
2025-05-03 03:27:13,105 INFO /usr/local/bin/bench start
2025-05-03 03:27:21,704 INFO /usr/local/bin/bench stop
2025-05-03 03:27:25,710 INFO /usr/local/bin/bench
2025-05-03 03:28:35,673 INFO /usr/local/bin/bench restart
2025-05-03 03:28:35,995 DEBUG cd /home/macro/Frappe/frappe-bench && supervisorctl restart frappe:
2025-05-03 03:28:36,137 WARNING cd /home/macro/Frappe/frappe-bench && supervisorctl restart frappe: executed with exit code 7
2025-05-03 03:28:36,137 WARNING /usr/local/bin/bench restart executed with exit code 1
2025-05-03 03:28:41,816 INFO /usr/local/bin/bench
2025-05-03 03:28:45,286 INFO /usr/local/bin/bench start
2025-05-03 03:28:56,215 INFO /usr/local/bin/bench start
2025-05-03 03:29:50,446 INFO /usr/local/bin/bench start
2025-05-03 03:29:57,567 INFO /usr/local/bin/bench stop
2025-05-03 03:31:46,365 INFO /usr/local/bin/bench start
2025-05-03 03:33:10,453 INFO /usr/local/bin/bench start
2025-05-03 03:33:15,443 INFO /usr/local/bin/bench start
2025-05-04 03:28:38,047 INFO /usr/local/bin/bench start
2025-05-04 03:28:38,469 INFO /usr/local/bin/bench watch
2025-05-04 03:28:38,471 INFO /usr/local/bin/bench schedule
2025-05-04 03:28:38,474 INFO /usr/local/bin/bench serve --port 8000
2025-05-04 03:28:38,480 INFO /usr/local/bin/bench worker
2025-05-04 03:43:59,316 INFO /usr/local/bin/bench start
2025-05-04 03:43:59,660 INFO /usr/local/bin/bench watch
2025-05-04 03:43:59,668 INFO /usr/local/bin/bench schedule
2025-05-04 03:43:59,672 INFO /usr/local/bin/bench worker
2025-05-04 03:43:59,672 INFO /usr/local/bin/bench serve --port 8000
2025-05-04 21:55:48,319 INFO /usr/local/bin/bench start
2025-05-04 21:55:48,602 INFO /usr/local/bin/bench schedule
2025-05-04 21:55:48,602 INFO /usr/local/bin/bench worker
2025-05-04 21:55:48,610 INFO /usr/local/bin/bench serve --port 8000
2025-05-04 21:55:48,614 INFO /usr/local/bin/bench watch
2025-05-05 01:30:10,899 INFO /usr/local/bin/bench start
2025-05-05 01:30:11,150 INFO /usr/local/bin/bench schedule
2025-05-05 01:30:11,157 INFO /usr/local/bin/bench worker
2025-05-05 01:30:11,157 INFO /usr/local/bin/bench serve --port 8000
2025-05-05 01:30:11,164 INFO /usr/local/bin/bench watch
2025-05-05 21:11:55,793 INFO /usr/local/bin/bench start
2025-05-05 21:11:56,177 INFO /usr/local/bin/bench watch
2025-05-05 21:11:56,180 INFO /usr/local/bin/bench serve --port 8000
2025-05-05 21:11:56,186 INFO /usr/local/bin/bench worker
2025-05-05 21:11:56,192 INFO /usr/local/bin/bench schedule
2025-05-05 22:19:22,515 INFO /usr/local/bin/bench start
2025-05-05 22:19:22,741 INFO /usr/local/bin/bench watch
2025-05-05 22:19:22,741 INFO /usr/local/bin/bench serve --port 8000
2025-05-05 22:19:22,750 INFO /usr/local/bin/bench schedule
2025-05-05 22:19:22,752 INFO /usr/local/bin/bench worker
2025-05-07 01:39:57,394 INFO /usr/local/bin/bench start
2025-05-07 01:39:57,797 INFO /usr/local/bin/bench schedule
2025-05-07 01:39:57,805 INFO /usr/local/bin/bench worker
2025-05-07 01:39:57,810 INFO /usr/local/bin/bench watch
2025-05-07 01:39:57,818 INFO /usr/local/bin/bench serve --port 8000
2025-05-07 02:57:47,960 INFO /usr/local/bin/bench start
2025-05-07 02:57:48,256 INFO /usr/local/bin/bench watch
2025-05-07 02:57:48,259 INFO /usr/local/bin/bench schedule
2025-05-07 02:57:48,263 INFO /usr/local/bin/bench serve --port 8000
2025-05-07 02:57:48,263 INFO /usr/local/bin/bench worker
2025-05-07 03:08:03,750 INFO /usr/local/bin/bench start
2025-05-07 03:08:04,009 INFO /usr/local/bin/bench serve --port 8000
2025-05-07 03:08:04,025 INFO /usr/local/bin/bench watch
2025-05-07 03:08:04,029 INFO /usr/local/bin/bench schedule
2025-05-07 03:08:04,050 INFO /usr/local/bin/bench worker
2025-05-07 19:48:44,455 INFO /usr/local/bin/bench start
2025-05-07 19:48:44,716 INFO /usr/local/bin/bench schedule
2025-05-07 19:48:44,721 INFO /usr/local/bin/bench watch
2025-05-07 19:48:44,724 INFO /usr/local/bin/bench worker
2025-05-07 19:48:44,725 INFO /usr/local/bin/bench serve --port 8000
2025-05-07 21:30:16,087 INFO /usr/local/bin/bench start
2025-05-07 21:30:16,399 INFO /usr/local/bin/bench watch
2025-05-07 21:30:16,403 INFO /usr/local/bin/bench schedule
2025-05-07 21:30:16,404 INFO /usr/local/bin/bench worker
2025-05-07 21:30:16,412 INFO /usr/local/bin/bench serve --port 8000
2025-05-07 22:04:13,864 INFO /usr/local/bin/bench start
2025-05-07 22:04:14,089 INFO /usr/local/bin/bench schedule
2025-05-07 22:04:14,089 INFO /usr/local/bin/bench watch
2025-05-07 22:04:14,089 INFO /usr/local/bin/bench serve --port 8000
2025-05-07 22:04:14,097 INFO /usr/local/bin/bench worker
2025-05-07 23:17:10,434 INFO /usr/local/bin/bench start
2025-05-07 23:17:10,795 INFO /usr/local/bin/bench schedule
2025-05-07 23:17:11,047 INFO /usr/local/bin/bench serve --port 8000
2025-05-07 23:17:11,165 INFO /usr/local/bin/bench worker
2025-05-07 23:17:11,186 INFO /usr/local/bin/bench watch
2025-05-07 23:22:18,329 INFO /usr/local/bin/bench start
2025-05-07 23:22:18,634 INFO /usr/local/bin/bench worker
2025-05-07 23:22:18,636 INFO /usr/local/bin/bench schedule
2025-05-07 23:22:19,258 INFO /usr/local/bin/bench watch
2025-05-07 23:22:19,316 INFO /usr/local/bin/bench serve --port 8000
2025-05-07 23:28:45,540 INFO /usr/local/bin/bench start
2025-05-07 23:28:46,597 INFO /usr/local/bin/bench worker
2025-05-07 23:28:46,611 INFO /usr/local/bin/bench serve --port 8000
2025-05-07 23:28:50,529 INFO /usr/local/bin/bench watch
2025-05-07 23:28:50,741 INFO /usr/local/bin/bench schedule
2025-05-07 23:36:17,029 INFO /usr/local/bin/bench start
2025-05-07 23:36:17,859 INFO /usr/local/bin/bench serve --port 8000
2025-05-07 23:36:17,926 INFO /usr/local/bin/bench watch
2025-05-07 23:36:17,948 INFO /usr/local/bin/bench worker
2025-05-07 23:36:17,968 INFO /usr/local/bin/bench schedule
2025-05-08 00:58:42,314 INFO /usr/local/bin/bench ---site HRPU.localhost --force restore /path/to/backup.sql.gz
2025-05-08 00:58:51,025 INFO /usr/local/bin/bench --site HRPU.localhost --force restore /path/to/backup.sql.gz
2025-05-08 01:02:26,734 INFO /usr/local/bin/bench --site HRPU.localhost --force restore ./sites/HRPU.localhost/private/backups/backup.sql.gz
2025-05-08 01:02:45,028 INFO /usr/local/bin/bench --site HRPU.localhost --force restore sites/HRPU.localhost/private/backups/backup.sql.gz
2025-05-08 01:03:22,122 INFO /usr/local/bin/bench --site HRPU.localhost --force restore /backups/backup.sql.gz
2025-05-08 01:03:33,339 INFO /usr/local/bin/bench --site HRPU.localhost --force restore ./backup.sql.gz
2025-05-08 01:04:18,563 INFO /usr/local/bin/bench --site HRPU.localhost --force restore ./sites/HRPU.localhost/private/backups
2025-05-08 01:04:49,607 INFO /usr/local/bin/bench --site HRPU.localhost --force restore ./sites/HRPU.localhost/private/backups/backup.sql.gz
2025-05-08 01:05:39,106 INFO /usr/local/bin/bench --site HRPU.localhost --force backup ./sites/HRPU.localhost/private/backups/backup.sql.gz
2025-05-08 01:05:57,317 INFO /usr/local/bin/bench backup --help
2025-05-08 01:37:20,871 INFO /usr/local/bin/bench --site HRPU.localhost migrate
2025-05-08 01:37:28,511 INFO /usr/local/bin/bench start
2025-05-08 01:37:28,796 INFO /usr/local/bin/bench schedule
2025-05-08 01:37:28,816 INFO /usr/local/bin/bench watch
2025-05-08 01:37:28,825 INFO /usr/local/bin/bench worker
2025-05-08 01:37:28,840 INFO /usr/local/bin/bench serve --port 8000
2025-05-08 01:37:31,806 INFO /usr/local/bin/bench --site HRPU.localhost migrate
2025-05-08 01:38:11,080 INFO /usr/local/bin/bench --site HRP.localhost migrate
2025-05-08 01:38:17,504 INFO /usr/local/bin/bench --site HRPU.localhost migrate
2025-05-08 02:35:42,359 INFO /usr/local/bin/bench start
2025-05-08 02:35:49,901 INFO /usr/local/bin/bench watch
2025-05-08 02:35:49,979 INFO /usr/local/bin/bench serve --port 8000
2025-05-08 02:35:52,878 INFO /usr/local/bin/bench worker
2025-05-08 02:35:52,968 INFO /usr/local/bin/bench schedule
2025-05-08 02:42:32,632 INFO /usr/local/bin/bench start
2025-05-08 02:42:32,930 INFO /usr/local/bin/bench schedule
2025-05-08 02:42:32,931 INFO /usr/local/bin/bench serve --port 8000
2025-05-08 02:42:32,933 INFO /usr/local/bin/bench watch
2025-05-08 02:42:32,937 INFO /usr/local/bin/bench worker
2025-05-08 02:42:52,666 INFO /usr/local/bin/bench start
2025-05-08 02:42:52,865 INFO /usr/local/bin/bench serve --port 8000
2025-05-08 02:42:52,865 INFO /usr/local/bin/bench worker
2025-05-08 02:42:52,868 INFO /usr/local/bin/bench watch
2025-05-08 02:42:52,877 INFO /usr/local/bin/bench schedule
2025-05-08 03:22:39,341 INFO /usr/local/bin/bench --site HRPU.localhost migrate
2025-05-08 03:25:45,243 INFO /usr/local/bin/bench --site HRPU.localhost migrate
2025-05-08 03:28:08,858 INFO /usr/local/bin/bench --site HRPU.localhost migrate
2025-05-08 03:28:40,917 INFO /usr/local/bin/bench --site HRPU.localhost migrate
2025-05-08 03:28:54,013 INFO /usr/local/bin/bench start
2025-05-08 03:32:55,908 INFO /usr/local/bin/bench --site HRPU.localhost migrate
2025-05-08 03:39:21,777 INFO /usr/local/bin/bench clear-cache
2025-05-08 03:39:34,359 INFO /usr/local/bin/bench --site HRPU.localhost migrate
2025-05-08 04:02:37,113 INFO /usr/local/bin/bench --site HRPU.localhost migrate
2025-05-08 04:19:40,281 INFO /usr/local/bin/bench --site HRPU.localhost export-fixtures
2025-05-14 00:53:24,285 INFO /usr/local/bin/bench start
2025-05-14 00:53:24,584 INFO /usr/local/bin/bench schedule
2025-05-14 00:53:24,585 INFO /usr/local/bin/bench serve --port 8000
2025-05-14 00:53:24,589 INFO /usr/local/bin/bench worker
2025-05-14 00:53:24,597 INFO /usr/local/bin/bench watch
2025-05-20 22:10:49,253 INFO /usr/local/bin/bench start
2025-05-20 22:10:49,593 INFO /usr/local/bin/bench watch
2025-05-20 22:10:49,594 INFO /usr/local/bin/bench serve --port 8000
2025-05-20 22:10:49,598 INFO /usr/local/bin/bench worker
2025-05-20 22:10:49,606 INFO /usr/local/bin/bench schedule
2025-05-20 22:49:10,095 INFO /usr/local/bin/bench stop
2025-05-20 22:49:21,311 INFO /usr/local/bin/bench stop
2025-05-20 22:49:26,779 INFO /usr/local/bin/bench
2025-05-20 22:50:51,374 INFO /usr/local/bin/bench stop
2025-06-11 02:33:19,285 INFO /usr/local/bin/bench start
2025-06-11 02:33:19,537 INFO /usr/local/bin/bench schedule
2025-06-11 02:33:19,542 INFO /usr/local/bin/bench worker
2025-06-11 02:33:19,546 INFO /usr/local/bin/bench serve --port 8000
2025-06-11 02:33:19,548 INFO /usr/local/bin/bench watch
2025-06-11 02:34:08,978 INFO /usr/local/bin/bench start
2025-06-11 02:34:09,176 INFO /usr/local/bin/bench serve --port 8000
2025-06-11 02:34:09,185 INFO /usr/local/bin/bench worker
2025-06-11 02:34:09,187 INFO /usr/local/bin/bench schedule
2025-06-11 02:34:09,204 INFO /usr/local/bin/bench watch
2025-06-12 02:19:39,155 INFO /usr/local/bin/bench start
2025-06-12 02:19:39,453 INFO /usr/local/bin/bench serve --port 8000
2025-06-12 02:19:39,453 INFO /usr/local/bin/bench worker
2025-06-12 02:19:39,454 INFO /usr/local/bin/bench watch
2025-06-12 02:19:39,470 INFO /usr/local/bin/bench schedule
2025-06-15 20:23:12,348 INFO /usr/local/bin/bench start
2025-06-15 20:23:12,632 INFO /usr/local/bin/bench worker
2025-06-15 20:23:12,632 INFO /usr/local/bin/bench watch
2025-06-15 20:23:12,640 INFO /usr/local/bin/bench serve --port 8000
2025-06-15 20:23:12,641 INFO /usr/local/bin/bench schedule
2025-06-15 22:03:18,040 INFO /usr/local/bin/bench start
2025-06-15 22:03:18,228 INFO /usr/local/bin/bench serve --port 8000
2025-06-15 22:03:18,229 INFO /usr/local/bin/bench schedule
2025-06-15 22:03:18,248 INFO /usr/local/bin/bench worker
2025-06-15 22:03:18,249 INFO /usr/local/bin/bench watch
2025-06-15 22:59:06,993 INFO /usr/local/bin/bench start
2025-06-15 22:59:07,253 INFO /usr/local/bin/bench serve --port 8000
2025-06-15 22:59:07,254 INFO /usr/local/bin/bench watch
2025-06-15 22:59:07,256 INFO /usr/local/bin/bench schedule
2025-06-15 22:59:07,273 INFO /usr/local/bin/bench worker
2025-06-15 23:04:38,698 INFO /usr/local/bin/bench start
2025-06-15 23:04:38,910 INFO /usr/local/bin/bench schedule
2025-06-15 23:04:38,914 INFO /usr/local/bin/bench watch
2025-06-15 23:04:38,923 INFO /usr/local/bin/bench worker
2025-06-15 23:04:38,939 INFO /usr/local/bin/bench serve --port 8000
2025-06-16 00:43:10,475 INFO /usr/local/bin/bench start
2025-06-16 00:43:10,695 INFO /usr/local/bin/bench schedule
2025-06-16 00:43:10,710 INFO /usr/local/bin/bench watch
2025-06-16 00:43:10,712 INFO /usr/local/bin/bench serve --port 8000
2025-06-16 00:43:10,714 INFO /usr/local/bin/bench worker
2025-06-16 00:56:54,544 INFO /usr/local/bin/bench start
2025-06-16 00:56:54,785 INFO /usr/local/bin/bench serve --port 8000
2025-06-16 00:56:54,796 INFO /usr/local/bin/bench schedule
2025-06-16 00:56:54,807 INFO /usr/local/bin/bench watch
2025-06-16 00:56:54,813 INFO /usr/local/bin/bench worker
2025-06-16 01:09:30,492 INFO /usr/local/bin/bench start
2025-06-16 01:09:30,724 INFO /usr/local/bin/bench serve --port 8000
2025-06-16 01:09:30,728 INFO /usr/local/bin/bench watch
2025-06-16 01:09:30,743 INFO /usr/local/bin/bench worker
2025-06-16 01:09:30,743 INFO /usr/local/bin/bench schedule
2025-06-16 01:24:55,377 INFO /usr/local/bin/bench start
2025-06-16 01:24:55,596 INFO /usr/local/bin/bench worker
2025-06-16 01:24:55,599 INFO /usr/local/bin/bench serve --port 8000
2025-06-16 01:24:55,606 INFO /usr/local/bin/bench schedule
2025-06-16 01:24:55,618 INFO /usr/local/bin/bench watch
2025-06-16 01:31:03,142 INFO /usr/local/bin/bench clear-cashe
2025-06-16 01:31:12,233 INFO /usr/local/bin/bench clear-cache
2025-06-16 01:31:17,442 INFO /usr/local/bin/bench start
2025-06-16 01:31:17,658 INFO /usr/local/bin/bench watch
2025-06-16 01:31:17,659 INFO /usr/local/bin/bench worker
2025-06-16 01:31:17,660 INFO /usr/local/bin/bench schedule
2025-06-16 01:31:17,664 INFO /usr/local/bin/bench serve --port 8000
2025-06-16 01:33:46,763 INFO /usr/local/bin/bench start
2025-06-16 01:33:47,013 INFO /usr/local/bin/bench watch
2025-06-16 01:33:47,016 INFO /usr/local/bin/bench worker
2025-06-16 01:33:47,026 INFO /usr/local/bin/bench schedule
2025-06-16 01:33:47,029 INFO /usr/local/bin/bench serve --port 8000
2025-06-16 01:43:18,203 INFO /usr/local/bin/bench start
2025-06-16 01:43:18,435 INFO /usr/local/bin/bench serve --port 8000
2025-06-16 01:43:18,442 INFO /usr/local/bin/bench worker
2025-06-16 01:43:18,442 INFO /usr/local/bin/bench watch
2025-06-16 01:43:18,445 INFO /usr/local/bin/bench schedule
2025-06-16 02:04:21,507 INFO /usr/local/bin/bench start
2025-06-16 02:04:21,737 INFO /usr/local/bin/bench worker
2025-06-16 02:04:21,740 INFO /usr/local/bin/bench serve --port 8000
2025-06-16 02:04:21,748 INFO /usr/local/bin/bench schedule
2025-06-16 02:04:21,750 INFO /usr/local/bin/bench watch
2025-06-16 02:19:06,264 INFO /usr/local/bin/bench start
2025-06-16 02:19:06,499 INFO /usr/local/bin/bench serve --port 8000
2025-06-16 02:19:06,501 INFO /usr/local/bin/bench schedule
2025-06-16 02:19:06,503 INFO /usr/local/bin/bench watch
2025-06-16 02:19:06,511 INFO /usr/local/bin/bench worker
2025-06-16 02:32:58,714 INFO /usr/local/bin/bench start
2025-06-16 02:32:58,933 INFO /usr/local/bin/bench worker
2025-06-16 02:32:58,940 INFO /usr/local/bin/bench serve --port 8000
2025-06-16 02:32:58,944 INFO /usr/local/bin/bench schedule
2025-06-16 02:32:58,945 INFO /usr/local/bin/bench watch
2025-06-16 02:45:20,712 INFO /usr/local/bin/bench console
2025-06-16 18:45:24,575 INFO /usr/local/bin/bench start
2025-06-16 18:45:24,776 INFO /usr/local/bin/bench watch
2025-06-16 18:45:24,780 INFO /usr/local/bin/bench serve --port 8000
2025-06-16 18:45:24,781 INFO /usr/local/bin/bench worker
2025-06-16 18:45:24,786 INFO /usr/local/bin/bench schedule
2025-06-16 19:13:32,891 INFO /usr/local/bin/bench start
2025-06-16 19:13:33,121 INFO /usr/local/bin/bench watch
2025-06-16 19:13:33,126 INFO /usr/local/bin/bench schedule
2025-06-16 19:13:33,127 INFO /usr/local/bin/bench worker
2025-06-16 19:13:33,136 INFO /usr/local/bin/bench serve --port 8000
2025-06-16 19:35:43,744 INFO /usr/local/bin/bench start
2025-06-16 19:35:44,007 INFO /usr/local/bin/bench watch
2025-06-16 19:35:44,013 INFO /usr/local/bin/bench serve --port 8000
2025-06-16 19:35:44,013 INFO /usr/local/bin/bench worker
2025-06-16 19:35:44,023 INFO /usr/local/bin/bench schedule
2025-06-16 19:56:31,325 INFO /usr/local/bin/bench console
2025-06-16 20:46:07,458 INFO /usr/local/bin/bench start
2025-06-16 20:46:07,745 INFO /usr/local/bin/bench watch
2025-06-16 20:46:07,747 INFO /usr/local/bin/bench serve --port 8000
2025-06-16 20:46:07,756 INFO /usr/local/bin/bench schedule
2025-06-16 20:46:07,767 INFO /usr/local/bin/bench worker
2025-06-16 21:51:18,005 INFO /usr/local/bin/bench start
2025-06-16 21:51:18,293 INFO /usr/local/bin/bench serve --port 8000
2025-06-16 21:51:18,295 INFO /usr/local/bin/bench worker
2025-06-16 21:51:18,295 INFO /usr/local/bin/bench schedule
2025-06-16 21:51:18,296 INFO /usr/local/bin/bench watch
2025-06-16 23:20:18,235 INFO /usr/local/bin/bench console
2025-06-16 23:30:06,014 INFO /usr/local/bin/bench console
2025-06-16 23:32:29,554 INFO /usr/local/bin/bench console
2025-06-16 23:41:24,436 INFO /usr/local/bin/bench console
                                                                                                                                                                                                                                                                                                        2025-06-16 23:56:28,148 INFO /usr/local/bin/bench start
2025-06-16 23:56:28,490 INFO /usr/local/bin/bench serve --port 8000
2025-06-16 23:56:28,498 INFO /usr/local/bin/bench watch
2025-06-16 23:56:28,499 INFO /usr/local/bin/bench schedule
2025-06-16 23:56:28,501 INFO /usr/local/bin/bench worker
2025-06-17 00:05:32,212 INFO /usr/local/bin/bench restart
2025-06-17 00:05:32,457 DEBUG cd /home/macro/Frappe/frappe-bench && supervisorctl restart frappe:
2025-06-17 00:05:32,638 WARNING cd /home/macro/Frappe/frappe-bench && supervisorctl restart frappe: executed with exit code 7
2025-06-17 00:05:32,639 WARNING /usr/local/bin/bench restart executed with exit code 1
2025-06-17 00:06:19,532 INFO /usr/local/bin/bench --site HRPU.localhost clear-cache
2025-06-17 00:41:18,172 INFO /usr/local/bin/bench console
2025-06-17 04:06:00,228 INFO /usr/local/bin/bench start
2025-06-17 04:06:00,531 INFO /usr/local/bin/bench serve --port 8000
2025-06-17 04:06:00,533 INFO /usr/local/bin/bench schedule
2025-06-17 04:06:00,537 INFO /usr/local/bin/bench worker
2025-06-17 04:06:00,541 INFO /usr/local/bin/bench watch
2025-06-17 04:57:30,041 INFO /usr/local/bin/bench start
2025-06-17 04:57:30,366 INFO /usr/local/bin/bench serve --port 8000
2025-06-17 04:57:30,370 INFO /usr/local/bin/bench schedule
2025-06-17 04:57:30,374 INFO /usr/local/bin/bench watch
2025-06-17 04:57:30,376 INFO /usr/local/bin/bench worker
2025-06-17 05:00:51,483 INFO /usr/local/bin/bench console
2025-06-17 05:27:21,117 INFO /usr/local/bin/bench start
2025-06-17 05:27:21,391 INFO /usr/local/bin/bench schedule
2025-06-17 05:27:21,396 INFO /usr/local/bin/bench watch
2025-06-17 05:27:21,398 INFO /usr/local/bin/bench serve --port 8000
2025-06-17 05:27:21,401 INFO /usr/local/bin/bench worker
2025-06-17 05:27:45,601 INFO /usr/local/bin/bench --site HRPU.localhost console
                                                                                                                                                                                                                                                                                                                                                                                            2025-06-18 18:44:01,678 INFO /usr/local/bin/bench start
2025-06-18 18:44:02,056 INFO /usr/local/bin/bench serve --port 8000
2025-06-18 18:44:02,070 INFO /usr/local/bin/bench schedule
2025-06-18 18:44:02,079 INFO /usr/local/bin/bench worker
2025-06-18 18:44:02,079 INFO /usr/local/bin/bench watch
2025-06-18 19:37:38,023 INFO /usr/local/bin/bench console
2025-06-18 19:48:02,513 INFO /usr/local/bin/bench start
2025-06-18 19:48:02,871 INFO /usr/local/bin/bench schedule
2025-06-18 19:48:02,872 INFO /usr/local/bin/bench serve --port 8000
2025-06-18 19:48:02,886 INFO /usr/local/bin/bench worker
2025-06-18 19:48:02,888 INFO /usr/local/bin/bench watch
2025-06-18 19:55:56,480 INFO /usr/local/bin/bench --site HRPU.localhost clear-cache
2025-06-18 19:55:59,503 INFO /usr/local/bin/bench start
2025-06-18 19:55:59,737 INFO /usr/local/bin/bench serve --port 8000
2025-06-18 19:55:59,742 INFO /usr/local/bin/bench worker
2025-06-18 19:55:59,745 INFO /usr/local/bin/bench schedule
2025-06-18 19:55:59,749 INFO /usr/local/bin/bench watch
2025-06-18 20:08:19,674 INFO /usr/local/bin/bench start
2025-06-18 20:08:19,919 INFO /usr/local/bin/bench serve --port 8000
2025-06-18 20:08:19,921 INFO /usr/local/bin/bench schedule
2025-06-18 20:08:19,929 INFO /usr/local/bin/bench watch
2025-06-18 20:08:19,933 INFO /usr/local/bin/bench worker
2025-06-18 20:09:36,522 INFO /usr/local/bin/bench console
2025-06-18 20:09:46,277 INFO /usr/local/bin/bench --site HRPU.localhost clear-cache
2025-06-18 20:42:41,057 INFO /usr/local/bin/bench console
2025-06-18 21:52:15,599 INFO /usr/local/bin/bench start
2025-06-18 21:52:15,878 INFO /usr/local/bin/bench serve --port 8000
2025-06-18 21:52:15,879 INFO /usr/local/bin/bench worker
2025-06-18 21:52:15,880 INFO /usr/local/bin/bench watch
2025-06-18 21:52:15,888 INFO /usr/local/bin/bench schedule
2025-06-19 00:48:39,417 INFO /usr/local/bin/bench new-app Demo-App
2025-06-19 00:48:39,424 LOG creating new app demo_app
2025-06-19 00:50:41,602 WARNING /usr/local/bin/bench new-app Demo-App executed with exit code 1
2025-06-19 00:50:42,985 INFO A newer version of bench is available: 5.23.0 → 5.25.5
2025-06-19 00:52:26,859 INFO /usr/local/bin/bench install-app demo_app
2025-06-19 00:52:46,153 INFO /usr/local/bin/bench install-app demo_app
2025-06-19 00:54:08,578 INFO /usr/local/bin/bench install-app demo_app
2025-06-19 00:54:40,516 INFO /usr/local/bin/bench install-app Demo_App
2025-06-19 01:00:24,974 INFO /usr/local/bin/bench --site HRP.localhost list-apps
2025-06-19 01:00:44,886 INFO /usr/local/bin/bench --site HRP.localhost list-apps
2025-06-19 01:00:51,215 INFO /usr/local/bin/bench --site HRPU.localhost list-apps
2025-06-19 01:01:17,796 INFO /usr/local/bin/bench --site HRPU.localhost install-app demo-app
2025-06-19 01:01:53,806 INFO /usr/local/bin/bench --site HRPU.localhost install-app demo_app
2025-06-19 01:03:37,132 INFO /usr/local/bin/bench new-app educatons_app
2025-06-19 01:03:37,138 LOG creating new app educatons_app
2025-06-19 01:04:01,766 INFO /usr/local/bin/bench new-app education_app
2025-06-19 01:04:01,770 LOG creating new app education_app
2025-06-19 01:05:07,254 WARNING /usr/local/bin/bench new-app education_app executed with exit code 1
2025-06-19 01:05:08,251 INFO A newer version of bench is available: 5.23.0 → 5.25.5
2025-06-19 01:05:32,743 INFO /usr/local/bin/bench --site HRPU.localhost install-app education_app
2025-06-19 01:06:08,070 INFO /usr/local/bin/bench install-app apps/education_app
2025-06-19 01:08:05,454 INFO /usr/local/bin/bench install-app ./apps/education_app
2025-06-19 01:09:42,762 INFO /usr/local/bin/bench install-app ./apps/education_app
2025-06-19 01:28:40,835 INFO /usr/local/bin/bench install-app ./apps/education_app
2025-06-19 01:32:29,832 INFO /usr/local/bin/bench install-app ./apps/education_app
2025-06-19 01:34:17,052 INFO /usr/local/bin/bench install-app ./apps/education_app
2025-06-19 01:34:29,178 INFO /usr/local/bin/bench --site HRPU.localhost install-app education_app
2025-06-19 01:34:56,125 INFO /usr/local/bin/bench --site HRPU.localhost install-app education_app
2025-06-19 01:35:04,876 INFO /usr/local/bin/bench --site HRPU.localhost install-app education_app
2025-06-19 01:35:21,354 INFO /usr/local/bin/bench --site HRPU.localhost install-app education_app
2025-06-19 01:35:45,618 INFO /usr/local/bin/bench --site HRPU.localhost install-app education_app
2025-06-19 01:36:08,534 INFO /usr/local/bin/bench --site HRPU.localhost install-app education_app
2025-06-19 01:36:28,713 INFO /usr/local/bin/bench --site HRPU.localhost install-app education_app
2025-06-19 01:36:40,142 INFO /usr/local/bin/bench --site HRPU.localhost install-app education_app
2025-06-19 01:37:02,829 INFO /usr/local/bin/bench --site HRPU.localhost install-app education_app
2025-06-19 01:37:32,050 INFO /usr/local/bin/bench --site HRPU.localhost install-app education_app
2025-06-19 01:37:45,288 INFO /usr/local/bin/bench start
2025-06-19 01:37:45,621 INFO /usr/local/bin/bench serve --port 8000
2025-06-19 01:37:45,625 INFO /usr/local/bin/bench watch
2025-06-19 01:37:45,640 INFO /usr/local/bin/bench schedule
2025-06-19 01:37:45,640 INFO /usr/local/bin/bench worker
2025-06-19 01:43:22,649 INFO /usr/local/bin/bench start
2025-06-19 01:43:22,875 INFO /usr/local/bin/bench watch
2025-06-19 01:43:22,889 INFO /usr/local/bin/bench worker
2025-06-19 01:43:22,890 INFO /usr/local/bin/bench serve --port 8000
2025-06-19 01:43:22,897 INFO /usr/local/bin/bench schedule
2025-06-19 02:26:35,873 INFO /usr/local/bin/bench start
2025-06-19 02:26:36,555 INFO /usr/local/bin/bench schedule
2025-06-19 02:26:36,588 INFO /usr/local/bin/bench serve --port 8000
2025-06-19 02:26:36,605 INFO /usr/local/bin/bench watch
2025-06-19 02:26:36,648 INFO /usr/local/bin/bench worker
2025-06-19 22:33:45,208 INFO /usr/local/bin/bench start
2025-06-19 22:33:45,514 INFO /usr/local/bin/bench serve --port 8000
2025-06-19 22:33:45,518 INFO /usr/local/bin/bench worker
2025-06-19 22:33:45,522 INFO /usr/local/bin/bench schedule
2025-06-19 22:33:45,524 INFO /usr/local/bin/bench watch
2025-06-19 22:34:56,084 INFO /usr/local/bin/bench service mysql start
2025-06-19 22:35:08,675 INFO /usr/local/bin/bench service mysql start
2025-06-19 22:35:11,529 INFO /usr/local/bin/bench start
2025-06-19 22:35:11,779 INFO /usr/local/bin/bench serve --port 8000
2025-06-19 22:35:11,782 INFO /usr/local/bin/bench worker
2025-06-19 22:35:11,785 INFO /usr/local/bin/bench watch
2025-06-19 22:35:11,787 INFO /usr/local/bin/bench schedule
2025-06-20 18:16:32,436 INFO /usr/local/bin/bench start
2025-06-20 18:16:32,761 INFO /usr/local/bin/bench serve --port 8000
2025-06-20 18:16:32,762 INFO /usr/local/bin/bench worker
2025-06-20 18:16:32,765 INFO /usr/local/bin/bench watch
2025-06-20 18:16:32,780 INFO /usr/local/bin/bench schedule
2025-06-20 18:17:17,000 INFO /usr/local/bin/bench start
2025-06-20 18:17:17,256 INFO /usr/local/bin/bench schedule
2025-06-20 18:17:17,260 INFO /usr/local/bin/bench serve --port 8000
2025-06-20 18:17:17,263 INFO /usr/local/bin/bench watch
2025-06-20 18:17:17,265 INFO /usr/local/bin/bench worker
2025-06-20 21:24:22,304 INFO /usr/local/bin/bench console
                                                                                                                                                                                                                                                                                                        2025-06-23 00:00:03,999 INFO /usr/local/bin/bench start
2025-06-23 00:00:04,286 INFO /usr/local/bin/bench worker
2025-06-23 00:00:04,290 INFO /usr/local/bin/bench watch
2025-06-23 00:00:04,291 INFO /usr/local/bin/bench schedule
2025-06-23 00:00:04,293 INFO /usr/local/bin/bench serve --port 8000
2025-06-23 00:02:55,142 INFO /usr/local/bin/bench console
2025-06-23 01:32:07,408 INFO /usr/local/bin/bench start
2025-06-23 01:32:07,674 INFO /usr/local/bin/bench serve --port 8000
2025-06-23 01:32:07,682 INFO /usr/local/bin/bench worker
2025-06-23 01:32:07,686 INFO /usr/local/bin/bench watch
2025-06-23 01:32:07,687 INFO /usr/local/bin/bench schedule
2025-06-23 01:38:12,573 INFO /usr/local/bin/bench start
2025-06-23 01:38:12,744 INFO /usr/local/bin/bench serve --port 8000
2025-06-23 01:38:12,747 INFO /usr/local/bin/bench schedule
2025-06-23 01:38:12,750 INFO /usr/local/bin/bench worker
2025-06-23 01:38:12,751 INFO /usr/local/bin/bench watch
2025-06-23 01:50:54,760 INFO /usr/local/bin/bench start
2025-06-23 01:50:54,943 INFO /usr/local/bin/bench watch
2025-06-23 01:50:54,946 INFO /usr/local/bin/bench schedule
2025-06-23 01:50:54,948 INFO /usr/local/bin/bench serve --port 8000
2025-06-23 01:50:54,952 INFO /usr/local/bin/bench worker
2025-06-23 01:53:22,110 INFO /usr/local/bin/bench start
2025-06-23 01:53:22,289 INFO /usr/local/bin/bench worker
2025-06-23 01:53:22,291 INFO /usr/local/bin/bench serve --port 8000
2025-06-23 01:53:22,293 INFO /usr/local/bin/bench watch
2025-06-23 01:53:22,298 INFO /usr/local/bin/bench schedule
2025-06-23 02:44:14,042 INFO /usr/local/bin/bench start
2025-06-23 02:44:14,322 INFO /usr/local/bin/bench watch
2025-06-23 02:44:14,325 INFO /usr/local/bin/bench schedule
2025-06-23 02:44:14,328 INFO /usr/local/bin/bench serve --port 8000
2025-06-23 02:44:14,329 INFO /usr/local/bin/bench worker
2025-06-23 03:04:07,040 INFO /usr/local/bin/bench start
2025-06-23 03:04:09,469 INFO /usr/local/bin/bench start
2025-06-23 15:08:00,408 INFO /usr/local/bin/bench start
2025-06-23 15:08:00,758 INFO /usr/local/bin/bench worker
2025-06-23 15:08:00,758 INFO /usr/local/bin/bench schedule
2025-06-23 15:08:00,770 INFO /usr/local/bin/bench watch
2025-06-23 15:08:00,772 INFO /usr/local/bin/bench serve --port 8000
2025-06-23 19:37:10,435 INFO /usr/local/bin/bench console
2025-06-23 19:58:57,639 INFO /usr/local/bin/bench start
2025-06-23 20:04:53,727 INFO /usr/local/bin/bench start
2025-06-23 20:07:11,330 INFO /usr/local/bin/bench start
2025-06-23 20:07:20,840 INFO /usr/local/bin/bench start
2025-06-23 20:07:27,350 INFO /usr/local/bin/bench stop
2025-06-23 20:07:31,834 INFO /usr/local/bin/bench end
2025-06-25 00:03:06,010 INFO /usr/local/bin/bench start
2025-06-25 00:03:06,293 INFO /usr/local/bin/bench serve --port 8000
2025-06-25 00:03:06,311 INFO /usr/local/bin/bench worker
2025-06-25 00:03:06,315 INFO /usr/local/bin/bench watch
2025-06-25 00:03:06,318 INFO /usr/local/bin/bench schedule
2025-06-26 18:02:20,117 INFO /usr/local/bin/bench start
2025-06-26 18:02:20,610 INFO /usr/local/bin/bench worker
2025-06-26 18:02:20,611 INFO /usr/local/bin/bench watch
2025-06-26 18:02:20,621 INFO /usr/local/bin/bench serve --port 8000
2025-06-26 18:02:20,633 INFO /usr/local/bin/bench schedule
2025-06-26 18:48:13,037 INFO /usr/local/bin/bench start
2025-06-26 18:48:13,276 INFO /usr/local/bin/bench serve --port 8000
2025-06-26 18:48:13,280 INFO /usr/local/bin/bench watch
2025-06-26 18:48:13,286 INFO /usr/local/bin/bench schedule
2025-06-26 18:48:13,294 INFO /usr/local/bin/bench worker
2025-06-26 21:16:17,205 INFO /usr/local/bin/bench start
2025-06-26 21:16:17,462 INFO /usr/local/bin/bench serve --port 8000
2025-06-26 21:16:17,465 INFO /usr/local/bin/bench schedule
2025-06-26 21:16:17,467 INFO /usr/local/bin/bench watch
2025-06-26 21:16:17,471 INFO /usr/local/bin/bench worker
2025-07-03 00:41:23,608 INFO /usr/local/bin/bench start
2025-07-03 00:41:23,912 INFO /usr/local/bin/bench watch
2025-07-03 00:41:23,912 INFO /usr/local/bin/bench serve --port 8000
2025-07-03 00:41:23,927 INFO /usr/local/bin/bench worker
2025-07-03 00:41:23,932 INFO /usr/local/bin/bench schedule
2025-07-03 20:51:45,562 INFO /usr/local/bin/bench start
2025-07-03 20:51:45,865 INFO /usr/local/bin/bench schedule
2025-07-03 20:51:45,866 INFO /usr/local/bin/bench watch
2025-07-03 20:51:45,868 INFO /usr/local/bin/bench serve --port 8000
2025-07-03 20:51:45,875 INFO /usr/local/bin/bench worker
2025-07-03 20:57:08,325 INFO /usr/local/bin/bench
2025-07-03 20:57:13,124 INFO /usr/local/bin/bench start
2025-07-03 20:57:13,421 INFO /usr/local/bin/bench schedule
2025-07-03 20:57:13,423 INFO /usr/local/bin/bench watch
2025-07-03 20:57:13,424 INFO /usr/local/bin/bench worker
2025-07-03 20:57:13,432 INFO /usr/local/bin/bench serve --port 8000
2025-07-03 20:58:59,752 INFO /usr/local/bin/bench start
2025-07-10 20:01:53,231 INFO /usr/local/bin/bench start
2025-07-10 20:01:53,420 INFO /usr/local/bin/bench schedule
2025-07-10 20:01:53,422 INFO /usr/local/bin/bench watch
2025-07-10 20:01:53,436 INFO /usr/local/bin/bench serve --port 8000
2025-07-10 20:01:53,439 INFO /usr/local/bin/bench worker
2025-07-10 20:02:53,219 INFO /usr/local/bin/bench start
2025-07-10 20:02:53,388 INFO /usr/local/bin/bench watch
2025-07-10 20:02:53,398 INFO /usr/local/bin/bench worker
2025-07-10 20:02:53,400 INFO /usr/local/bin/bench serve --port 8000
2025-07-10 20:02:53,400 INFO /usr/local/bin/bench schedule
2025-07-10 20:03:46,586 INFO /usr/local/bin/bench restart
2025-07-10 20:03:46,772 DEBUG cd /home/macro/Frappe/frappe-bench && supervisorctl restart frappe:
2025-07-10 20:03:46,873 WARNING cd /home/macro/Frappe/frappe-bench && supervisorctl restart frappe: executed with exit code 7
2025-07-10 20:03:46,873 WARNING /usr/local/bin/bench restart executed with exit code 1
2025-07-10 20:03:59,155 INFO /usr/local/bin/bench start
2025-07-10 20:03:59,309 INFO /usr/local/bin/bench worker
2025-07-10 20:03:59,318 INFO /usr/local/bin/bench schedule
2025-07-10 20:03:59,326 INFO /usr/local/bin/bench serve --port 8000
2025-07-10 20:03:59,327 INFO /usr/local/bin/bench watch
2025-07-10 20:04:27,380 INFO /usr/local/bin/bench
2025-07-10 20:06:08,415 INFO /usr/local/bin/bench --site hrpu.localhost apps-list
2025-07-10 20:06:18,365 INFO /usr/local/bin/bench --site hrpu.localhost list-apps
2025-07-10 20:06:27,019 INFO /usr/local/bin/bench --site HRPU.localhost list-apps
2025-07-10 20:06:56,455 INFO /usr/local/bin/bench --site HRPU.localhost list-apps
2025-07-10 20:07:22,396 INFO /usr/local/bin/bench start
2025-07-10 20:07:22,558 INFO /usr/local/bin/bench worker
2025-07-10 20:07:22,558 INFO /usr/local/bin/bench watch
2025-07-10 20:07:22,559 INFO /usr/local/bin/bench schedule
2025-07-10 20:07:22,568 INFO /usr/local/bin/bench serve --port 8000
2025-07-10 20:08:08,162 INFO /usr/local/bin/bench start
2025-07-10 20:08:08,329 INFO /usr/local/bin/bench watch
2025-07-10 20:08:08,331 INFO /usr/local/bin/bench serve --port 8000
2025-07-10 20:08:08,338 INFO /usr/local/bin/bench worker
2025-07-10 20:08:08,349 INFO /usr/local/bin/bench schedule
2025-07-10 20:08:12,165 INFO /usr/local/bin/bench start
2025-07-10 20:08:12,320 INFO /usr/local/bin/bench schedule
2025-07-10 20:08:12,335 INFO /usr/local/bin/bench serve --port 8000
2025-07-10 20:08:12,342 INFO /usr/local/bin/bench watch
2025-07-10 20:08:12,342 INFO /usr/local/bin/bench worker
2025-07-10 20:08:19,585 INFO /usr/local/bin/bench start
2025-07-10 20:08:19,747 INFO /usr/local/bin/bench watch
2025-07-10 20:08:19,752 INFO /usr/local/bin/bench serve --port 8000
2025-07-10 20:08:19,758 INFO /usr/local/bin/bench schedule
2025-07-10 20:08:19,761 INFO /usr/local/bin/bench worker
2025-07-10 20:10:09,079 INFO /usr/local/bin/bench start
2025-07-10 20:10:09,240 INFO /usr/local/bin/bench watch
2025-07-10 20:10:09,241 INFO /usr/local/bin/bench worker
2025-07-10 20:10:09,242 INFO /usr/local/bin/bench serve --port 8000
2025-07-10 20:10:09,245 INFO /usr/local/bin/bench schedule
2025-07-10 20:10:31,289 INFO /usr/local/bin/bench start
2025-07-10 20:10:31,488 INFO /usr/local/bin/bench serve --port 8000
2025-07-10 20:10:31,495 INFO /usr/local/bin/bench watch
2025-07-10 20:10:31,500 INFO /usr/local/bin/bench schedule
2025-07-10 20:10:31,508 INFO /usr/local/bin/bench worker
2025-07-10 21:17:42,643 INFO /usr/local/bin/bench start
2025-07-10 21:17:42,971 INFO /usr/local/bin/bench serve --port 8000
2025-07-10 21:17:42,982 INFO /usr/local/bin/bench watch
2025-07-10 21:17:42,984 INFO /usr/local/bin/bench schedule
2025-07-10 21:17:42,991 INFO /usr/local/bin/bench worker
2025-07-10 21:44:12,450 INFO /usr/local/bin/bench start
2025-07-10 21:44:12,685 INFO /usr/local/bin/bench serve --port 8000
2025-07-10 21:44:12,686 INFO /usr/local/bin/bench watch
2025-07-10 21:44:12,692 INFO /usr/local/bin/bench schedule
2025-07-10 21:44:12,693 INFO /usr/local/bin/bench worker
2025-07-19 03:08:12,263 INFO /usr/local/bin/bench starat
2025-07-19 03:08:15,284 INFO /usr/local/bin/bench start
2025-07-19 03:08:15,555 INFO /usr/local/bin/bench worker
2025-07-19 03:08:15,557 INFO /usr/local/bin/bench serve --port 8000
2025-07-19 03:08:15,566 INFO /usr/local/bin/bench schedule
2025-07-19 03:08:15,576 INFO /usr/local/bin/bench watch
                                                                                                                                                                                                                                                                                                        2025-07-19 03:25:13,673 INFO /usr/local/bin/bench start
2025-07-19 03:25:13,903 INFO /usr/local/bin/bench serve --port 8000
2025-07-19 03:25:13,909 INFO /usr/local/bin/bench watch
2025-07-19 03:25:13,914 INFO /usr/local/bin/bench worker
2025-07-19 03:25:13,930 INFO /usr/local/bin/bench schedule
2025-07-21 02:00:58,026 INFO /usr/local/bin/bench start
2025-07-21 02:00:59,159 INFO /usr/local/bin/bench schedule
2025-07-21 02:00:59,160 INFO /usr/local/bin/bench serve --port 8000
2025-07-21 02:00:59,175 INFO /usr/local/bin/bench worker
2025-07-21 02:00:59,196 INFO /usr/local/bin/bench watch
2025-07-21 20:17:15,980 INFO /usr/local/bin/bench get-app education
2025-07-21 20:17:17,765 LOG Getting education
2025-07-21 20:17:17,765 DEBUG cd ./apps && git clone https://github.com/frappe/education.git  --depth 1 --origin upstream
2025-07-21 20:27:12,584 LOG Installing education
2025-07-21 20:27:12,585 DEBUG cd /home/macro/Frappe/frappe-bench && /home/macro/Frappe/frappe-bench/env/bin/python -m pip install --quiet --upgrade -e /home/macro/Frappe/frappe-bench/apps/education 
2025-07-21 20:27:16,902 DEBUG cd /home/macro/Frappe/frappe-bench/apps/education && yarn install --check-files
2025-07-21 20:37:45,366 DEBUG bench build --app education
2025-07-21 20:37:45,520 INFO /usr/local/bin/bench build --app education
2025-07-21 20:37:46,409 WARNING bench build --app education executed with exit code 1
2025-07-21 20:37:46,409 WARNING /usr/local/bin/bench get-app education executed with exit code 1
2025-07-21 20:37:49,113 INFO A newer version of bench is available: 5.23.0 → 5.25.9
2025-07-21 21:12:52,410 INFO /usr/local/bin/bench --site hrpu.localhost install-app education
2025-07-21 21:13:04,549 INFO /usr/local/bin/bench --site HRPU.localhost install-app education
2025-07-21 21:13:25,674 INFO /usr/local/bin/bench --site HRPU.localhost install-app education
2025-07-21 21:50:31,435 INFO /usr/local/bin/bench --site HRPU.localhost install-app education
2025-07-21 22:55:01,241 INFO /usr/local/bin/bench --site HRPU.localhost install-app education
2025-07-21 22:56:59,009 INFO /usr/local/bin/bench start
2025-07-21 22:56:59,312 INFO /usr/local/bin/bench schedule
2025-07-21 22:56:59,315 INFO /usr/local/bin/bench watch
2025-07-21 22:56:59,321 INFO /usr/local/bin/bench worker
2025-07-21 22:56:59,323 INFO /usr/local/bin/bench serve --port 8000
2025-07-22 17:38:30,663 INFO /usr/local/bin/bench start
2025-07-22 17:38:31,088 INFO /usr/local/bin/bench serve --port 8000
2025-07-22 17:38:31,102 INFO /usr/local/bin/bench schedule
2025-07-22 17:38:31,104 INFO /usr/local/bin/bench watch
2025-07-22 17:38:31,105 INFO /usr/local/bin/bench worker
2025-07-22 17:55:10,190 INFO /usr/local/bin/bench start
2025-07-22 17:55:10,691 INFO /usr/local/bin/bench watch
2025-07-22 17:55:10,693 INFO /usr/local/bin/bench serve --port 8000
2025-07-22 17:55:10,696 INFO /usr/local/bin/bench schedule
2025-07-22 17:55:10,702 INFO /usr/local/bin/bench worker
2025-07-22 17:56:13,940 INFO /usr/local/bin/bench restart
2025-07-22 17:56:14,439 DEBUG cd /home/macro/Frappe/frappe-bench && supervisorctl restart frappe:
2025-07-22 17:56:14,578 WARNING cd /home/macro/Frappe/frappe-bench && supervisorctl restart frappe: executed with exit code 7
2025-07-22 17:56:14,578 WARNING /usr/local/bin/bench restart executed with exit code 1
2025-07-22 17:56:20,930 INFO /usr/local/bin/bench start
2025-07-22 17:56:21,200 INFO /usr/local/bin/bench serve --port 8000
2025-07-22 17:56:21,206 INFO /usr/local/bin/bench schedule
2025-07-22 17:56:21,207 INFO /usr/local/bin/bench worker
2025-07-22 17:56:21,211 INFO /usr/local/bin/bench watch
2025-07-22 18:16:55,443 INFO /usr/local/bin/bench start
2025-07-22 18:16:55,765 INFO /usr/local/bin/bench watch
2025-07-22 18:16:55,768 INFO /usr/local/bin/bench worker
2025-07-22 18:16:55,773 INFO /usr/local/bin/bench schedule
2025-07-22 18:16:55,776 INFO /usr/local/bin/bench serve --port 8000
2025-07-22 18:17:00,377 INFO /usr/local/bin/bench start
2025-07-22 18:17:00,591 INFO /usr/local/bin/bench worker
2025-07-22 18:17:00,624 INFO /usr/local/bin/bench watch
2025-07-22 18:17:00,624 INFO /usr/local/bin/bench serve --port 8000
2025-07-22 18:17:00,627 INFO /usr/local/bin/bench schedule
2025-07-22 18:17:52,376 INFO /usr/local/bin/bench start
2025-07-22 18:17:52,573 INFO /usr/local/bin/bench worker
2025-07-22 18:17:52,589 INFO /usr/local/bin/bench watch
2025-07-22 18:17:52,594 INFO /usr/local/bin/bench schedule
2025-07-22 18:17:52,597 INFO /usr/local/bin/bench serve --port 8000
2025-07-24 20:16:28,273 INFO /usr/local/bin/bench start
2025-07-24 20:16:28,578 INFO /usr/local/bin/bench schedule
2025-07-24 20:16:28,581 INFO /usr/local/bin/bench serve --port 8000
2025-07-24 20:16:28,586 INFO /usr/local/bin/bench watch
2025-07-24 20:16:28,589 INFO /usr/local/bin/bench worker
2025-07-25 02:27:24,522 INFO /usr/local/bin/bench start
2025-07-25 02:27:24,872 INFO /usr/local/bin/bench serve --port 8000
2025-07-25 02:27:24,876 INFO /usr/local/bin/bench schedule
2025-07-25 02:27:24,876 INFO /usr/local/bin/bench watch
2025-07-25 02:27:24,878 INFO /usr/local/bin/bench worker
2025-07-30 09:57:06,832 INFO /usr/local/bin/bench start
2025-07-30 09:57:07,062 INFO /usr/local/bin/bench watch
2025-07-30 09:57:07,063 INFO /usr/local/bin/bench schedule
2025-07-30 09:57:07,064 INFO /usr/local/bin/bench worker
2025-07-30 09:57:07,066 INFO /usr/local/bin/bench serve --port 8000
2025-07-31 02:05:00,121 INFO /usr/local/bin/bench start
2025-07-31 02:05:00,427 INFO /usr/local/bin/bench serve --port 8000
2025-07-31 02:05:00,433 INFO /usr/local/bin/bench schedule
2025-07-31 02:05:00,435 INFO /usr/local/bin/bench watch
2025-07-31 02:05:00,440 INFO /usr/local/bin/bench worker
2025-08-01 21:56:23,965 INFO /usr/local/bin/bench start
2025-08-01 21:56:24,278 INFO /usr/local/bin/bench worker
2025-08-01 21:56:24,280 INFO /usr/local/bin/bench serve --port 8000
2025-08-01 21:56:24,283 INFO /usr/local/bin/bench watch
2025-08-01 21:56:24,289 INFO /usr/local/bin/bench schedule
2025-08-17 17:58:56,992 INFO /usr/local/bin/bench start
2025-08-17 17:58:57,192 INFO /usr/local/bin/bench serve --port 8000
2025-08-17 17:58:57,192 INFO /usr/local/bin/bench watch
2025-08-17 17:58:57,193 INFO /usr/local/bin/bench schedule
2025-08-17 17:58:57,204 INFO /usr/local/bin/bench worker
2025-08-21 21:55:17,651 INFO /usr/local/bin/bench start
2025-08-21 21:55:17,894 INFO /usr/local/bin/bench watch
2025-08-21 21:55:17,901 INFO /usr/local/bin/bench serve --port 8000
2025-08-21 21:55:17,907 INFO /usr/local/bin/bench worker
2025-08-21 21:55:17,907 INFO /usr/local/bin/bench schedule
2025-08-23 23:55:25,891 INFO /usr/local/bin/bench start
2025-08-23 23:55:26,120 INFO /usr/local/bin/bench worker
2025-08-23 23:55:26,121 INFO /usr/local/bin/bench schedule
2025-08-23 23:55:26,127 INFO /usr/local/bin/bench watch
2025-08-23 23:55:26,131 INFO /usr/local/bin/bench serve --port 8000
2025-08-27 20:10:37,967 INFO /usr/local/bin/bench start
2025-08-27 20:10:38,221 INFO /usr/local/bin/bench serve --port 8000
2025-08-27 20:10:38,225 INFO /usr/local/bin/bench watch
2025-08-27 20:10:38,226 INFO /usr/local/bin/bench schedule
2025-08-27 20:10:38,230 INFO /usr/local/bin/bench worker
2025-08-27 20:39:19,651 INFO /usr/local/bin/bench start
2025-08-27 20:39:19,855 INFO /usr/local/bin/bench serve --port 8000
2025-08-27 20:39:19,858 INFO /usr/local/bin/bench worker
2025-08-27 20:39:19,866 INFO /usr/local/bin/bench watch
2025-08-27 20:39:19,875 INFO /usr/local/bin/bench schedule
2025-08-27 23:20:52,861 INFO /usr/local/bin/bench
2025-08-29 02:30:14,630 INFO /usr/local/bin/bench start
2025-08-29 02:30:14,909 INFO /usr/local/bin/bench schedule
2025-08-29 02:30:14,910 INFO /usr/local/bin/bench worker
2025-08-29 02:30:14,912 INFO /usr/local/bin/bench serve --port 8000
2025-08-29 02:30:14,952 INFO /usr/local/bin/bench watch
2025-08-29 02:55:25,917 INFO /usr/local/bin/bench start
2025-08-29 02:55:26,070 INFO /usr/local/bin/bench serve --port 8000
2025-08-29 02:55:26,084 INFO /usr/local/bin/bench worker
2025-08-29 02:55:26,095 INFO /usr/local/bin/bench schedule
2025-08-29 02:55:26,115 INFO /usr/local/bin/bench watch
2025-08-30 19:43:47,012 INFO /usr/local/bin/bench console
2025-08-30 19:44:06,917 INFO /usr/local/bin/bench console
2025-08-30 23:50:07,524 INFO /usr/local/bin/bench start
2025-08-30 23:50:08,166 INFO /usr/local/bin/bench watch
2025-08-30 23:50:08,197 INFO /usr/local/bin/bench serve --port 8000
2025-08-30 23:50:08,201 INFO /usr/local/bin/bench schedule
2025-08-30 23:50:08,203 INFO /usr/local/bin/bench worker
2025-08-30 23:53:59,460 INFO /usr/local/bin/bench start
2025-08-30 23:54:08,613 INFO /usr/local/bin/bench start
2025-08-30 23:54:09,074 INFO /usr/local/bin/bench serve --port 8000
2025-08-30 23:54:09,074 INFO /usr/local/bin/bench watch
2025-08-30 23:54:09,085 INFO /usr/local/bin/bench schedule
2025-08-30 23:54:09,091 INFO /usr/local/bin/bench worker
2025-08-30 23:54:18,960 INFO /usr/local/bin/bench console
2025-08-30 23:55:33,009 INFO /usr/local/bin/bench console
2025-08-30 23:55:56,020 INFO /usr/local/bin/bench console
2025-08-31 02:50:38,351 INFO /usr/local/bin/bench start
2025-08-31 02:50:38,763 INFO /usr/local/bin/bench serve --port 8000
2025-08-31 02:50:38,779 INFO /usr/local/bin/bench watch
2025-08-31 02:50:38,783 INFO /usr/local/bin/bench worker
2025-08-31 02:50:38,796 INFO /usr/local/bin/bench schedule
2025-08-31 03:23:47,360 INFO /usr/local/bin/bench start
2025-08-31 03:23:47,908 INFO /usr/local/bin/bench worker
2025-08-31 03:23:47,916 INFO /usr/local/bin/bench serve --port 8000
2025-08-31 03:23:47,917 INFO /usr/local/bin/bench schedule
2025-08-31 03:23:47,930 INFO /usr/local/bin/bench watch
2025-08-31 21:26:13,891 INFO /usr/local/bin/bench start
2025-08-31 21:26:14,294 INFO /usr/local/bin/bench serve --port 8000
2025-08-31 21:26:14,297 INFO /usr/local/bin/bench schedule
2025-08-31 21:26:14,308 INFO /usr/local/bin/bench worker
2025-08-31 21:26:14,308 INFO /usr/local/bin/bench watch
2025-09-01 01:29:51,018 INFO /usr/local/bin/bench start
2025-09-01 01:29:51,325 INFO /usr/local/bin/bench watch
2025-09-01 01:29:51,335 INFO /usr/local/bin/bench worker
2025-09-01 01:29:51,336 INFO /usr/local/bin/bench serve --port 8000
2025-09-01 01:29:51,337 INFO /usr/local/bin/bench schedule
2025-09-01 19:31:50,874 INFO /usr/local/bin/bench start
2025-09-01 19:31:51,227 INFO /usr/local/bin/bench schedule
2025-09-01 19:31:51,238 INFO /usr/local/bin/bench worker
2025-09-01 19:31:51,245 INFO /usr/local/bin/bench serve --port 8000
2025-09-01 19:31:51,246 INFO /usr/local/bin/bench watch
2025-09-01 19:32:15,950 INFO /usr/local/bin/bench start
2025-09-01 19:32:16,186 INFO /usr/local/bin/bench worker
2025-09-01 19:32:16,197 INFO /usr/local/bin/bench serve --port 8000
2025-09-01 19:32:16,198 INFO /usr/local/bin/bench watch
2025-09-01 19:32:16,204 INFO /usr/local/bin/bench schedule
2025-09-01 23:01:59,176 INFO /usr/local/bin/bench conosel
2025-09-01 23:02:02,877 INFO /usr/local/bin/bench console
2025-09-01 23:16:39,198 INFO /usr/local/bin/bench console
2025-09-02 01:43:59,564 INFO /usr/local/bin/bench start
2025-09-02 01:43:59,990 INFO /usr/local/bin/bench schedule
2025-09-02 01:43:59,990 INFO /usr/local/bin/bench worker
2025-09-02 01:43:59,992 INFO /usr/local/bin/bench watch
2025-09-02 01:44:00,010 INFO /usr/local/bin/bench serve --port 8000
2025-09-03 00:50:36,109 INFO /usr/local/bin/bench start
2025-09-03 00:50:36,495 INFO /usr/local/bin/bench watch
2025-09-03 00:50:36,497 INFO /usr/local/bin/bench schedule
2025-09-03 00:50:36,501 INFO /usr/local/bin/bench serve --port 8000
2025-09-03 00:50:36,505 INFO /usr/local/bin/bench worker
2025-09-03 02:18:52,541 INFO /usr/local/bin/bench console
2025-09-03 02:52:11,704 INFO /usr/local/bin/bench console
2025-09-03 05:19:47,281 INFO /usr/local/bin/bench start
2025-09-03 05:19:47,528 INFO /usr/local/bin/bench serve --port 8000
2025-09-03 05:19:47,536 INFO /usr/local/bin/bench watch
2025-09-03 05:19:47,544 INFO /usr/local/bin/bench schedule
2025-09-03 05:19:47,544 INFO /usr/local/bin/bench worker
2025-09-03 23:25:07,951 INFO /usr/local/bin/bench start
2025-09-03 23:25:08,231 INFO /usr/local/bin/bench worker
2025-09-03 23:25:08,233 INFO /usr/local/bin/bench serve --port 8000
2025-09-03 23:25:08,238 INFO /usr/local/bin/bench watch
2025-09-03 23:25:08,254 INFO /usr/local/bin/bench schedule
2025-09-04 19:44:06,833 INFO /usr/local/bin/bench console
2025-09-04 19:53:43,928 INFO /usr/local/bin/bench start
2025-09-04 19:53:44,234 INFO /usr/local/bin/bench serve --port 8000
2025-09-04 19:53:44,235 INFO /usr/local/bin/bench watch
2025-09-04 19:53:44,236 INFO /usr/local/bin/bench schedule
2025-09-04 19:53:44,236 INFO /usr/local/bin/bench worker
2025-09-04 19:56:35,897 INFO /usr/local/bin/bench console
2025-09-04 20:06:03,491 INFO /usr/local/bin/bench
2025-09-04 20:06:20,701 INFO /usr/local/bin/bench start-recording
2025-09-04 20:06:39,767 INFO /usr/local/bin/bench stop-recording
2025-09-04 20:07:08,982 INFO /usr/local/bin/bench show-pending-jobs
2025-09-04 20:08:08,796 INFO /usr/local/bin/bench jupyter
2025-09-05 01:48:27,938 INFO /usr/local/bin/bench
2025-09-05 01:50:04,214 INFO /usr/local/bin/bench remove-app education_app
2025-09-05 01:50:04,346 INFO /usr/local/bin/bench --site all list-apps --format json
2025-09-05 01:50:05,088 INFO /usr/local/bin/bench --site HRP.localhost list-apps
2025-09-05 01:50:05,622 WARNING /usr/local/bin/bench remove-app education_app executed with exit code 1
2025-09-05 01:51:03,635 INFO /usr/local/bin/bench start
2025-09-05 01:51:03,952 INFO /usr/local/bin/bench worker
2025-09-05 01:51:03,952 INFO /usr/local/bin/bench schedule
2025-09-05 01:51:03,953 INFO /usr/local/bin/bench serve --port 8000
2025-09-05 01:51:03,957 INFO /usr/local/bin/bench watch
2025-09-05 01:52:11,949 INFO /usr/local/bin/bench start
2025-09-05 01:52:12,251 INFO /usr/local/bin/bench worker
2025-09-05 01:52:12,263 INFO /usr/local/bin/bench watch
2025-09-05 01:52:12,269 INFO /usr/local/bin/bench schedule
2025-09-05 01:52:12,280 INFO /usr/local/bin/bench serve --port 8000
2025-09-05 01:52:26,322 INFO /usr/local/bin/bench start
2025-09-05 01:52:26,562 INFO /usr/local/bin/bench serve --port 8000
2025-09-05 01:52:26,563 INFO /usr/local/bin/bench worker
2025-09-05 01:52:26,572 INFO /usr/local/bin/bench watch
2025-09-05 01:52:26,574 INFO /usr/local/bin/bench schedule
2025-09-05 01:52:59,126 INFO /usr/local/bin/bench start
2025-09-05 01:52:59,387 INFO /usr/local/bin/bench schedule
2025-09-05 01:52:59,388 INFO /usr/local/bin/bench worker
2025-09-05 01:52:59,394 INFO /usr/local/bin/bench serve --port 8000
2025-09-05 01:52:59,412 INFO /usr/local/bin/bench watch
2025-09-05 01:55:54,671 INFO /usr/local/bin/bench start
2025-09-05 01:55:57,210 INFO /usr/local/bin/bench worker
2025-09-05 01:55:57,337 INFO /usr/local/bin/bench watch
2025-09-05 01:55:57,829 INFO /usr/local/bin/bench serve --port 8000
2025-09-05 01:55:57,904 INFO /usr/local/bin/bench schedule
2025-09-05 01:56:45,722 INFO /usr/local/bin/bench start
2025-09-05 01:56:49,721 INFO /usr/local/bin/bench watch
2025-09-05 01:56:51,524 INFO /usr/local/bin/bench serve --port 8000
2025-09-05 01:57:06,324 INFO /usr/local/bin/bench worker
2025-09-05 01:57:17,329 INFO /usr/local/bin/bench start
2025-09-05 01:57:17,806 INFO /usr/local/bin/bench serve --port 8000
2025-09-05 01:57:21,727 INFO /usr/local/bin/bench schedule
2025-09-05 01:57:26,973 INFO /usr/local/bin/bench watch
2025-09-05 01:57:30,846 INFO /usr/local/bin/bench worker
2025-09-05 01:58:50,599 INFO /usr/local/bin/bench start
2025-09-05 01:58:51,269 INFO /usr/local/bin/bench schedule
2025-09-05 01:58:51,394 INFO /usr/local/bin/bench serve --port 8000
2025-09-05 01:58:51,540 INFO /usr/local/bin/bench worker
2025-09-05 01:58:51,701 INFO /usr/local/bin/bench watch
2025-09-05 02:09:11,562 INFO /usr/local/bin/bench start
2025-09-05 02:09:13,472 INFO /usr/local/bin/bench start
2025-09-05 02:11:09,623 INFO /usr/local/bin/bench start
2025-09-05 02:21:52,107 INFO /usr/local/bin/bench start
2025-09-05 02:21:52,367 INFO /usr/local/bin/bench watch
2025-09-05 02:21:52,370 INFO /usr/local/bin/bench serve --port 8000
2025-09-05 02:21:52,371 INFO /usr/local/bin/bench worker
2025-09-05 02:21:52,373 INFO /usr/local/bin/bench schedule
2025-09-05 02:22:05,553 INFO /usr/local/bin/bench start
2025-09-05 02:22:05,718 INFO /usr/local/bin/bench serve --port 8000
2025-09-05 02:22:05,728 INFO /usr/local/bin/bench watch
2025-09-05 02:22:05,731 INFO /usr/local/bin/bench worker
2025-09-05 02:22:05,734 INFO /usr/local/bin/bench schedule
2025-09-05 02:24:06,137 INFO /usr/local/bin/bench
2025-09-05 02:27:32,807 INFO /usr/local/bin/bench remove-app education_app
2025-09-05 02:27:32,812 WARNING /usr/local/bin/bench remove-app education_app executed with exit code 1
2025-09-05 02:28:03,920 INFO /usr/local/bin/bench start
2025-09-05 02:28:04,097 INFO /usr/local/bin/bench watch
2025-09-05 02:28:04,098 INFO /usr/local/bin/bench serve --port 8000
2025-09-05 02:28:04,121 INFO /usr/local/bin/bench schedule
2025-09-05 02:28:04,123 INFO /usr/local/bin/bench worker
2025-09-05 02:29:55,619 INFO /usr/local/bin/bench new-app education_app
2025-09-05 02:29:55,623 LOG creating new app education_app
2025-09-05 02:32:01,811 WARNING /usr/local/bin/bench new-app education_app executed with exit code 1
2025-09-05 02:32:25,030 INFO /usr/local/bin/bench start
2025-09-05 02:32:25,181 INFO /usr/local/bin/bench serve --port 8000
2025-09-05 02:32:25,196 INFO /usr/local/bin/bench worker
2025-09-05 02:32:25,197 INFO /usr/local/bin/bench watch
2025-09-05 02:32:25,205 INFO /usr/local/bin/bench schedule
2025-09-05 03:00:21,339 INFO /usr/local/bin/bench console
2025-09-05 03:01:34,331 INFO /usr/local/bin/bench start
2025-09-05 03:01:34,559 INFO /usr/local/bin/bench serve --port 8000
2025-09-05 03:01:34,576 INFO /usr/local/bin/bench worker
2025-09-05 03:01:34,579 INFO /usr/local/bin/bench schedule
2025-09-05 03:01:34,580 INFO /usr/local/bin/bench watch
2025-09-05 03:03:21,257 INFO /usr/local/bin/bench start
2025-09-05 03:03:21,454 INFO /usr/local/bin/bench serve --port 8000
2025-09-05 03:03:21,461 INFO /usr/local/bin/bench watch
2025-09-05 03:03:21,478 INFO /usr/local/bin/bench worker
2025-09-05 03:03:21,485 INFO /usr/local/bin/bench schedule
2025-09-22 16:35:44,165 INFO /usr/local/bin/bench start
2025-09-22 16:35:44,483 INFO /usr/local/bin/bench serve --port 8000
2025-09-22 16:35:44,502 INFO /usr/local/bin/bench watch
2025-09-22 16:35:44,506 INFO /usr/local/bin/bench schedule
2025-09-22 16:35:44,514 INFO /usr/local/bin/bench worker
2025-11-17 00:36:07,290 INFO /usr/local/bin/bench start
2025-11-17 00:36:07,564 INFO /usr/local/bin/bench watch
2025-11-17 00:36:07,564 INFO /usr/local/bin/bench schedule
2025-11-17 00:36:07,569 INFO /usr/local/bin/bench serve --port 8000
2025-11-17 00:36:07,569 INFO /usr/local/bin/bench worker
2025-11-17 00:38:43,819 INFO /usr/local/bin/bench start
2025-11-17 00:38:44,170 INFO /usr/local/bin/bench watch
2025-11-17 00:38:44,171 INFO /usr/local/bin/bench worker
2025-11-17 00:38:44,172 INFO /usr/local/bin/bench serve --port 8000
2025-11-17 00:38:44,180 INFO /usr/local/bin/bench schedule
2025-11-17 02:36:40,416 INFO /usr/local/bin/bench start
2025-11-17 02:36:40,883 INFO /usr/local/bin/bench watch
2025-11-17 02:36:40,889 INFO /usr/local/bin/bench serve --port 8000
2025-11-17 02:36:40,894 INFO /usr/local/bin/bench schedule
2025-11-17 02:36:40,896 INFO /usr/local/bin/bench worker
2025-11-23 23:22:11,354 INFO /usr/local/bin/bench start
2025-11-23 23:22:11,708 INFO /usr/local/bin/bench watch
2025-11-23 23:22:11,708 INFO /usr/local/bin/bench serve --port 8000
2025-11-23 23:22:11,713 INFO /usr/local/bin/bench worker
2025-11-23 23:22:11,713 INFO /usr/local/bin/bench schedule
2025-11-27 20:45:49,084 INFO /usr/local/bin/bench start
2025-11-27 20:45:49,455 INFO /usr/local/bin/bench serve --port 8000
2025-11-27 20:45:49,463 INFO /usr/local/bin/bench watch
2025-11-27 20:45:49,470 INFO /usr/local/bin/bench schedule
2025-11-27 20:45:49,470 INFO /usr/local/bin/bench worker
2025-11-28 01:15:43,256 INFO /usr/local/bin/bench start
2025-11-28 01:15:43,812 INFO /usr/local/bin/bench serve --port 8000
2025-11-28 01:15:43,821 INFO /usr/local/bin/bench watch
2025-11-28 01:15:43,824 INFO /usr/local/bin/bench worker
2025-11-28 01:15:43,828 INFO /usr/local/bin/bench schedule
